/*
SQLyog Ultimate v8.32 
MySQL - 5.1.61 : Database - remoteserver
*********************************************************************
*/

/*!40101 SET NAMES utf8 */;

/*!40101 SET SQL_MODE=''*/;

/*!40014 SET @OLD_UNIQUE_CHECKS=@@UNIQUE_CHECKS, UNIQUE_CHECKS=0 */;
/*!40014 SET @OLD_FOREIGN_KEY_CHECKS=@@FOREIGN_KEY_CHECKS, FOREIGN_KEY_CHECKS=0 */;
/*!40101 SET @OLD_SQL_MODE=@@SQL_MODE, SQL_MODE='NO_AUTO_VALUE_ON_ZERO' */;
/*!40111 SET @OLD_SQL_NOTES=@@SQL_NOTES, SQL_NOTES=0 */;
CREATE DATABASE /*!32312 IF NOT EXISTS*/`remoteserver` /*!40100 DEFAULT CHARACTER SET utf8 */;

USE `remoteserver`;

/*Table structure for table `t_admin_user` */

DROP TABLE IF EXISTS `t_admin_user`;

CREATE TABLE `t_admin_user` (
  `id` int(10) unsigned NOT NULL AUTO_INCREMENT,
  `userName` varchar(32) NOT NULL COMMENT '登录用户名',
  `pwd` varchar(64) NOT NULL COMMENT '登录密码',
  `permission` int(10) unsigned NOT NULL COMMENT '用户权限',
  `mobilephone` varchar(16) NOT NULL,
  `email` varchar(64) DEFAULT NULL,
  `registerTime` datetime NOT NULL COMMENT '注册时间',
  `lastLoginTime` datetime NOT NULL COMMENT '上次登录时间',
  `lastLoginIP` varchar(32) DEFAULT NULL COMMENT '上次登录IP',
  `reserve1` varchar(255) DEFAULT NULL,
  `reserve2` varchar(255) DEFAULT NULL,
  PRIMARY KEY (`id`)
) ENGINE=InnoDB AUTO_INCREMENT=2 DEFAULT CHARSET=utf8 COMMENT='后台管理用户';

/*Data for the table `t_admin_user` */

insert  into `t_admin_user`(`id`,`userName`,`pwd`,`permission`,`mobilephone`,`email`,`registerTime`,`lastLoginTime`,`lastLoginIP`,`reserve1`,`reserve2`) values (1,'nimda','00491373785F8469E5B9B28355FFF73E21E751A7CC990F30E473ED3F',1,'18900993311','yorry@live.cn','2012-05-08 18:06:23','2012-05-08 18:06:23','1.1.1.1',NULL,NULL);

/*Table structure for table `t_alarm` */

DROP TABLE IF EXISTS `t_alarm`;

CREATE TABLE `t_alarm` (
  `id` int(10) unsigned NOT NULL AUTO_INCREMENT,
  `name` varchar(32) NOT NULL COMMENT '告警名',
  `home` int(10) unsigned DEFAULT NULL COMMENT '所属家庭',
  `description` varchar(64) DEFAULT NULL COMMENT '告警信息',
  `isEnabled` tinyint(4) DEFAULT NULL COMMENT '是否激活（1为激活）',
  `andOr` tinyint(4) DEFAULT NULL COMMENT 'input逻辑关系（0表示and，1表示or）',
  `level` tinyint(4) DEFAULT '0' COMMENT '告警级别（0：提示，1：告警）',
  `reserve1` varchar(255) DEFAULT NULL,
  `reserve2` varchar(255) DEFAULT NULL,
  PRIMARY KEY (`id`),
  KEY `FK_alarm_home` (`home`),
  CONSTRAINT `FK_alarm_home` FOREIGN KEY (`home`) REFERENCES `t_home` (`id`)
) ENGINE=InnoDB DEFAULT CHARSET=utf8 COMMENT='告警表';

/*Data for the table `t_alarm` */

/*Table structure for table `t_alarm_input` */

DROP TABLE IF EXISTS `t_alarm_input`;

CREATE TABLE `t_alarm_input` (
  `id` int(10) unsigned NOT NULL AUTO_INCREMENT,
  `alarmId` int(10) unsigned NOT NULL COMMENT '告警id',
  `deviceId` int(10) unsigned NOT NULL COMMENT '设备id',
  `param` int(11) NOT NULL COMMENT '参数',
  `value` varchar(32) DEFAULT NULL COMMENT '值',
  `threshold` float DEFAULT '0' COMMENT '防抖动阈值',
  `reserve1` varchar(255) DEFAULT NULL,
  `reserve2` varchar(255) DEFAULT NULL,
  PRIMARY KEY (`id`),
  KEY `FK_alminput_alarm` (`alarmId`),
  KEY `FK_alminput_device` (`deviceId`),
  CONSTRAINT `FK_alminput_alarm` FOREIGN KEY (`alarmId`) REFERENCES `t_alarm` (`id`),
  CONSTRAINT `FK_alminput_device` FOREIGN KEY (`deviceId`) REFERENCES `t_device` (`id`)
) ENGINE=InnoDB DEFAULT CHARSET=utf8 COMMENT='告警输入表';

/*Data for the table `t_alarm_input` */

/*Table structure for table `t_camera` */

DROP TABLE IF EXISTS `t_camera`;

CREATE TABLE `t_camera` (
  `id` int(10) unsigned NOT NULL AUTO_INCREMENT,
  `cameraName` varchar(40) NOT NULL COMMENT '摄像头名',
  `c_ip` varchar(50) NOT NULL COMMENT '摄像头IP',
  `c_port` int(11) NOT NULL COMMENT '摄像头端口',
  `loginName` varchar(255) NOT NULL COMMENT '登录摄像头用户名',
  `loginPwd` varchar(255) NOT NULL COMMENT '登录密码',
  `description` varchar(255) DEFAULT NULL COMMENT '描述',
  `permission` int(11) NOT NULL COMMENT '所需权限',
  `device` int(10) unsigned NOT NULL COMMENT '所属设备',
  `channel` int(11) DEFAULT NULL COMMENT '视频通道',
  `isMainstream` tinyint(1) unsigned NOT NULL DEFAULT '1' COMMENT '主码流或子码流',
  `transportMode` int(11) NOT NULL DEFAULT '1' COMMENT '传输模式:TCP,UDP,Multicast',
  `ip2` varchar(50) DEFAULT NULL COMMENT '视频主机留用',
  `port2` int(11) DEFAULT NULL COMMENT '端口转发',
  `reserve1` varchar(255) DEFAULT NULL,
  `reserve2` varchar(255) DEFAULT NULL,
  PRIMARY KEY (`id`),
  KEY `FK61F2155092401100` (`device`),
  KEY `FK_device_camera` (`device`),
  KEY `FK61F21550F3C79B6E` (`device`),
  CONSTRAINT `FK61F2155092401100` FOREIGN KEY (`device`) REFERENCES `t_device` (`id`),
  CONSTRAINT `FK61F21550F3C79B6E` FOREIGN KEY (`device`) REFERENCES `t_device` (`id`),
  CONSTRAINT `FK_device_camera` FOREIGN KEY (`device`) REFERENCES `t_device` (`id`)
) ENGINE=InnoDB AUTO_INCREMENT=4 DEFAULT CHARSET=utf8 COMMENT='摄像头表';

/*Data for the table `t_camera` */

insert  into `t_camera`(`id`,`cameraName`,`c_ip`,`c_port`,`loginName`,`loginPwd`,`description`,`permission`,`device`,`channel`,`isMainstream`,`transportMode`,`ip2`,`port2`,`reserve1`,`reserve2`) values (2,'门眼监控','192.168.10.246',8000,'admin','12345',NULL,0,94,1,1,1,NULL,8000,NULL,NULL),(3,'door','192.168.10.98',55555,'root','root',NULL,0,135,1,1,1,NULL,11111,NULL,NULL);

/*Table structure for table `t_carrier` */

DROP TABLE IF EXISTS `t_carrier`;

CREATE TABLE `t_carrier` (
  `id` int(10) unsigned NOT NULL AUTO_INCREMENT,
  `carrierNo` varchar(5) NOT NULL COMMENT '运营商号，用于产品名',
  `name` varchar(64) NOT NULL COMMENT '运营商名称',
  `address` varchar(128) DEFAULT NULL COMMENT '运营商地址',
  `contact` varchar(32) DEFAULT NULL COMMENT '联系人姓名',
  `telephone` varchar(32) DEFAULT NULL COMMENT '联系人电话',
  `reserve1` varchar(255) DEFAULT NULL,
  `reserve2` varchar(255) DEFAULT NULL,
  PRIMARY KEY (`id`)
) ENGINE=InnoDB DEFAULT CHARSET=utf8 COMMENT='运营商表';

/*Data for the table `t_carrier` */

insert  into `t_carrier`(`id`,`carrierNo`,`name`,`address`,`contact`,`telephone`,`reserve1`,`reserve2`) values (0,'100','天溯',NULL,NULL,NULL,NULL,NULL);

/*Table structure for table `t_china_city` */

DROP TABLE IF EXISTS `t_china_city`;

CREATE TABLE `t_china_city` (
  `id` int(10) unsigned NOT NULL AUTO_INCREMENT,
  `province` int(10) unsigned NOT NULL COMMENT '所属省份',
  `city` varchar(64) NOT NULL COMMENT '城市名',
  PRIMARY KEY (`id`),
  KEY `FK_city_province` (`province`),
  KEY `FK72C95FFEF5504BD5` (`province`),
  CONSTRAINT `FK72C95FFEF5504BD5` FOREIGN KEY (`province`) REFERENCES `t_china_province` (`id`),
  CONSTRAINT `FK_city_province` FOREIGN KEY (`province`) REFERENCES `t_china_province` (`id`)
) ENGINE=InnoDB AUTO_INCREMENT=355 DEFAULT CHARSET=utf8 COMMENT='中国城市表';

/*Data for the table `t_china_city` */

insert  into `t_china_city`(`id`,`province`,`city`) values (1,1,'安庆市'),(2,1,'蚌埠市'),(3,1,'巢湖市'),(4,1,'池州市'),(5,1,'滁州市'),(6,1,'阜阳市'),(7,1,'合肥市'),(8,1,'淮北市'),(9,1,'淮南市'),(10,1,'黄山市'),(11,1,'六安市'),(12,1,'马鞍山市'),(13,1,'宿州市'),(14,1,'铜陵市'),(15,1,'芜湖市'),(16,1,'宣城市'),(17,1,'亳州市'),(18,2,'市辖区'),(19,2,'县'),(20,3,'福州市'),(21,3,'龙岩市'),(22,3,'南平市'),(23,3,'宁德市'),(24,3,'莆田市'),(25,3,'泉州市'),(26,3,'三明市'),(27,3,'厦门市'),(28,3,'漳州市'),(29,4,'白银市'),(30,4,'定西市'),(31,4,'甘南藏族自治州'),(32,4,'嘉峪关市'),(33,4,'金昌市'),(34,4,'酒泉市'),(35,4,'兰州市'),(36,4,'临夏回族自治州'),(37,4,'陇南市'),(38,4,'平凉市'),(39,4,'庆阳市'),(40,4,'天水市'),(41,4,'武威市'),(42,4,'张掖市'),(43,5,'潮州市'),(44,5,'东莞市'),(45,5,'佛山市'),(46,5,'广州市'),(47,5,'河源市'),(48,5,'惠州市'),(49,5,'江门市'),(50,5,'揭阳市'),(51,5,'茂名市'),(52,5,'梅州市'),(53,5,'清远市'),(54,5,'汕头市'),(55,5,'汕尾市'),(56,5,'韶关市'),(57,5,'深圳市'),(58,5,'阳江市'),(59,5,'云浮市'),(60,5,'湛江市'),(61,5,'肇庆市'),(62,5,'中山市'),(63,5,'珠海市'),(64,6,'百色市'),(65,6,'北海市'),(66,6,'崇左市'),(67,6,'防城港市'),(68,6,'桂林市'),(69,6,'贵港市'),(70,6,'河池市'),(71,6,'贺州市'),(72,6,'来宾市'),(73,6,'柳州市'),(74,6,'南宁市'),(75,6,'钦州市'),(76,6,'梧州市'),(77,6,'玉林市'),(78,7,'安顺市'),(79,7,'毕节地区'),(80,7,'贵阳市'),(81,7,'六盘水市'),(82,7,'黔东南苗族侗族自治州'),(83,7,'黔南布依族苗族自治州'),(84,7,'黔西南布依族苗族自治州'),(85,7,'铜仁地区'),(86,7,'遵义市'),(87,8,'海口市'),(88,8,'三亚市'),(89,8,'省直辖县级行政单位'),(90,9,'保定市'),(91,9,'沧州市'),(92,9,'承德市'),(93,9,'邯郸市'),(94,9,'衡水市'),(95,9,'廊坊市'),(96,9,'秦皇岛市'),(97,9,'石家庄市'),(98,9,'唐山市'),(99,9,'邢台市'),(100,9,'张家口市'),(101,10,'安阳市'),(102,10,'鹤壁市'),(103,10,'焦作市'),(104,10,'开封市'),(105,10,'洛阳市'),(106,10,'南阳市'),(107,10,'平顶山市'),(108,10,'三门峡市'),(109,10,'商丘市'),(110,10,'新乡市'),(111,10,'信阳市'),(112,10,'许昌市'),(113,10,'郑州市'),(114,10,'周口市'),(115,10,'驻马店市'),(116,10,'漯河市'),(117,10,'濮阳市'),(118,11,'大庆市'),(119,11,'大兴安岭地区'),(120,11,'哈尔滨市'),(121,11,'鹤岗市'),(122,11,'黑河市'),(123,11,'鸡西市'),(124,11,'佳木斯市'),(125,11,'牡丹江市'),(126,11,'七台河市'),(127,11,'齐齐哈尔市'),(128,11,'双鸭山市'),(129,11,'绥化市'),(130,11,'伊春市'),(131,12,'鄂州市'),(132,12,'恩施土家族苗族自治州'),(133,12,'黄冈市'),(134,12,'黄石市'),(135,12,'荆门市'),(136,12,'荆州市'),(137,12,'省直辖行政单位'),(138,12,'十堰市'),(139,12,'随州市'),(140,12,'武汉市'),(141,12,'咸宁市'),(142,12,'襄樊市'),(143,12,'孝感市'),(144,12,'宜昌市'),(145,13,'常德市'),(146,13,'长沙市'),(147,13,'郴州市'),(148,13,'衡阳市'),(149,13,'怀化市'),(150,13,'娄底市'),(151,13,'邵阳市'),(152,13,'湘潭市'),(153,13,'湘西土家族苗族自治州'),(154,13,'益阳市'),(155,13,'永州市'),(156,13,'岳阳市'),(157,13,'张家界市'),(158,13,'株洲市'),(159,14,'白城市'),(160,14,'白山市'),(161,14,'长春市'),(162,14,'吉林市'),(163,14,'辽源市'),(164,14,'四平市'),(165,14,'松原市'),(166,14,'通化市'),(167,14,'延边朝鲜族自治州'),(168,15,'常州市'),(169,15,'淮安市'),(170,15,'连云港市'),(171,15,'南京市'),(172,15,'南通市'),(173,15,'苏州市'),(174,15,'宿迁市'),(175,15,'泰州市'),(176,15,'无锡市'),(177,15,'徐州市'),(178,15,'盐城市'),(179,15,'扬州市'),(180,15,'镇江市'),(181,16,'抚州市'),(182,16,'赣州市'),(183,16,'吉安市'),(184,16,'景德镇市'),(185,16,'九江市'),(186,16,'南昌市'),(187,16,'萍乡市'),(188,16,'上饶市'),(189,16,'新余市'),(190,16,'宜春市'),(191,16,'鹰潭市'),(192,17,'鞍山市'),(193,17,'本溪市'),(194,17,'朝阳市'),(195,17,'大连市'),(196,17,'丹东市'),(197,17,'抚顺市'),(198,17,'阜新市'),(199,17,'葫芦岛市'),(200,17,'锦州市'),(201,17,'辽阳市'),(202,17,'盘锦市'),(203,17,'沈阳市'),(204,17,'铁岭市'),(205,17,'营口市'),(206,18,'阿拉善盟'),(207,18,'巴彦淖尔市'),(208,18,'包头市'),(209,18,'赤峰市'),(210,18,'鄂尔多斯市'),(211,18,'呼和浩特市'),(212,18,'呼伦贝尔市'),(213,18,'通辽市'),(214,18,'乌海市'),(215,18,'乌兰察布市'),(216,18,'锡林郭勒盟'),(217,18,'兴安盟'),(218,19,'固原市'),(219,19,'石嘴山市'),(220,19,'吴忠市'),(221,19,'银川市'),(222,19,'中卫市'),(223,20,'果洛藏族自治州'),(224,20,'海北藏族自治州'),(225,20,'海东地区'),(226,20,'海南藏族自治州'),(227,20,'海西蒙古族藏族自治州'),(228,20,'黄南藏族自治州'),(229,20,'西宁市'),(230,20,'玉树藏族自治州'),(231,21,'滨州市'),(232,21,'德州市'),(233,21,'东营市'),(234,21,'菏泽市'),(235,21,'济南市'),(236,21,'济宁市'),(237,21,'莱芜市'),(238,21,'聊城市'),(239,21,'临沂市'),(240,21,'青岛市'),(241,21,'日照市'),(242,21,'泰安市'),(243,21,'威海市'),(244,21,'潍坊市'),(245,21,'烟台市'),(246,21,'枣庄市'),(247,21,'淄博市'),(248,22,'长治市'),(249,22,'大同市'),(250,22,'晋城市'),(251,22,'晋中市'),(252,22,'临汾市'),(253,22,'吕梁市'),(254,22,'朔州市'),(255,22,'太原市'),(256,22,'忻州市'),(257,22,'阳泉市'),(258,22,'运城市'),(259,23,'安康市'),(260,23,'宝鸡市'),(261,23,'汉中市'),(262,23,'商洛市'),(263,23,'铜川市'),(264,23,'渭南市'),(265,23,'西安市'),(266,23,'咸阳市'),(267,23,'延安市'),(268,23,'榆林市'),(269,24,'市辖区'),(270,24,'县'),(271,25,'阿坝藏族羌族自治州'),(272,25,'巴中市'),(273,25,'成都市'),(274,25,'达州市'),(275,25,'德阳市'),(276,25,'甘孜藏族自治州'),(277,25,'广安市'),(278,25,'广元市'),(279,25,'乐山市'),(280,25,'凉山彝族自治州'),(281,25,'眉山市'),(282,25,'绵阳市'),(283,25,'南充市'),(284,25,'内江市'),(285,25,'攀枝花市'),(286,25,'遂宁市'),(287,25,'雅安市'),(288,25,'宜宾市'),(289,25,'资阳市'),(290,25,'自贡市'),(291,25,'泸州市'),(292,26,'市辖区'),(293,26,'县'),(294,27,'阿里地区'),(295,27,'昌都地区'),(296,27,'拉萨市'),(297,27,'林芝地区'),(298,27,'那曲地区'),(299,27,'日喀则地区'),(300,27,'山南地区'),(301,28,'阿克苏地区'),(302,28,'阿勒泰地区'),(303,28,'巴音郭楞蒙古自治州'),(304,28,'博尔塔拉蒙古自治州'),(305,28,'昌吉回族自治州'),(306,28,'哈密地区'),(307,28,'和田地区'),(308,28,'喀什地区'),(309,28,'克拉玛依市'),(310,28,'克孜勒苏柯尔克孜自治州'),(311,28,'省直辖行政单位'),(312,28,'石河子市'),(313,28,'塔城地区'),(314,28,'吐鲁番地区'),(315,28,'乌鲁木齐市'),(316,28,'伊犁哈萨克自治州'),(317,29,'保山市'),(318,29,'楚雄彝族自治州'),(319,29,'大理白族自治州'),(320,29,'德宏傣族景颇族自治州'),(321,29,'迪庆藏族自治州'),(322,29,'红河哈尼族彝族自治州'),(323,29,'昆明市'),(324,29,'丽江市'),(325,29,'临沧市'),(326,29,'怒江傈僳族自治州'),(327,29,'曲靖市'),(328,29,'思茅市'),(329,29,'文山壮族苗族自治州'),(330,29,'西双版纳傣族自治州'),(331,29,'玉溪市'),(332,29,'昭通市'),(333,30,'杭州市'),(334,30,'湖州市'),(335,30,'嘉兴市'),(336,30,'金华市'),(337,30,'丽水市'),(338,30,'宁波市'),(339,30,'绍兴市'),(340,30,'台州市'),(341,30,'温州市'),(342,30,'舟山市'),(343,30,'衢州市'),(344,31,'市辖区'),(345,31,'县'),(346,32,'香港岛'),(347,32,'九龙'),(348,32,'新界'),(349,33,'澳门半岛'),(350,33,'澳门离岛'),(351,33,'路凼城'),(352,34,'行政院辖市'),(353,34,'省辖市'),(354,34,'县');

/*Table structure for table `t_china_district` */

DROP TABLE IF EXISTS `t_china_district`;

CREATE TABLE `t_china_district` (
  `id` int(10) unsigned NOT NULL AUTO_INCREMENT,
  `city` int(10) unsigned NOT NULL COMMENT '所属城市',
  `district` varchar(64) NOT NULL COMMENT '区县名',
  PRIMARY KEY (`id`),
  KEY `FK_district_city` (`city`),
  KEY `FK951878A1E43C2ACB` (`city`),
  CONSTRAINT `FK951878A1E43C2ACB` FOREIGN KEY (`city`) REFERENCES `t_china_city` (`id`),
  CONSTRAINT `FK_district_city` FOREIGN KEY (`city`) REFERENCES `t_china_city` (`id`)
) ENGINE=InnoDB AUTO_INCREMENT=3201 DEFAULT CHARSET=utf8 COMMENT='中国区县表';

/*Data for the table `t_china_district` */

insert  into `t_china_district`(`id`,`city`,`district`) values (1,1,'大观区'),(2,1,'怀宁县'),(3,1,'潜山县'),(4,1,'市辖区'),(5,1,'宿松县'),(6,1,'太湖县'),(7,1,'桐城市'),(8,1,'望江县'),(9,1,'宜秀区'),(10,1,'迎江区'),(11,1,'岳西县'),(12,1,'枞阳县'),(13,2,'蚌山区'),(14,2,'固镇县'),(15,2,'怀远县'),(16,2,'淮上区'),(17,2,'龙子湖区'),(18,2,'市辖区'),(19,2,'五河县'),(20,2,'禹会区'),(21,3,'含山县'),(22,3,'和县'),(23,3,'居巢区'),(24,3,'庐江县'),(25,3,'市辖区'),(26,3,'无为县'),(27,4,'东至县'),(28,4,'贵池区'),(29,4,'青阳县'),(30,4,'石台县'),(31,4,'市辖区'),(32,5,'定远县'),(33,5,'凤阳县'),(34,5,'来安县'),(35,5,'琅琊区'),(36,5,'明光市'),(37,5,'南谯区'),(38,5,'全椒县'),(39,5,'市辖区'),(40,5,'天长市'),(41,6,'阜南县'),(42,6,'界首市'),(43,6,'临泉县'),(44,6,'市辖区'),(45,6,'太和县'),(46,6,'颍东区'),(47,6,'颍泉区'),(48,6,'颍上县'),(49,6,'颍州区'),(50,7,'包河区'),(51,7,'长丰县'),(52,7,'肥东县'),(53,7,'肥西县'),(54,7,'庐阳区'),(55,7,'市辖区'),(56,7,'蜀山区'),(57,7,'瑶海区'),(58,8,'杜集区'),(59,8,'烈山区'),(60,8,'市辖区'),(61,8,'相山区'),(62,8,'濉溪县'),(63,9,'八公山区'),(64,9,'大通区'),(65,9,'凤台县'),(66,9,'潘集区'),(67,9,'市辖区'),(68,9,'田家庵区'),(69,9,'谢家集区'),(70,10,'黄山区'),(71,10,'徽州区'),(72,10,'祁门县'),(73,10,'市辖区'),(74,10,'屯溪区'),(75,10,'休宁县'),(76,10,'歙县'),(77,10,'黟县'),(78,11,'霍邱县'),(79,11,'霍山县'),(80,11,'金安区'),(81,11,'金寨县'),(82,11,'市辖区'),(83,11,'寿县'),(84,11,'舒城县'),(85,11,'裕安区'),(86,12,'当涂县'),(87,12,'花山区'),(88,12,'金家庄区'),(89,12,'市辖区'),(90,12,'雨山区'),(91,13,'埇桥区'),(92,13,'灵璧县'),(93,13,'市辖区'),(94,13,'萧县'),(95,13,'泗县'),(96,13,'砀山县'),(97,14,'郊区'),(98,14,'狮子山区'),(99,14,'市辖区'),(100,14,'铜官山区'),(101,14,'铜陵县'),(102,15,'繁昌县'),(103,15,'镜湖区'),(104,15,'南陵县'),(105,15,'三山区'),(106,15,'市辖区'),(107,15,'芜湖县'),(108,15,'弋江区'),(109,15,'鸠江区'),(110,16,'广德县'),(111,16,'绩溪县'),(112,16,'郎溪县'),(113,16,'宁国市'),(114,16,'市辖区'),(115,16,'宣州区'),(116,16,'泾县'),(117,16,'旌德县'),(118,17,'利辛县'),(119,17,'蒙城县'),(120,17,'市辖区'),(121,17,'涡阳县'),(122,17,'谯城区'),(123,18,'昌平区'),(124,18,'朝阳区'),(125,18,'崇文区'),(126,18,'大兴区'),(127,18,'东城区'),(128,18,'房山区'),(129,18,'丰台区'),(130,18,'海淀区'),(131,18,'怀柔区'),(132,18,'门头沟区'),(133,18,'平谷区'),(134,18,'石景山区'),(135,18,'顺义区'),(136,18,'通州区'),(137,18,'西城区'),(138,18,'宣武区'),(139,19,'密云县'),(140,19,'延庆县'),(141,20,'仓山区'),(142,20,'长乐市'),(143,20,'福清市'),(144,20,'鼓楼区'),(145,20,'晋安区'),(146,20,'连江县'),(147,20,'罗源县'),(148,20,'马尾区'),(149,20,'闽侯县'),(150,20,'闽清县'),(151,20,'平潭县'),(152,20,'市辖区'),(153,20,'台江区'),(154,20,'永泰县'),(155,21,'长汀县'),(156,21,'连城县'),(157,21,'上杭县'),(158,21,'市辖区'),(159,21,'武平县'),(160,21,'新罗区'),(161,21,'永定县'),(162,21,'漳平市'),(163,22,'光泽县'),(164,22,'建阳市'),(165,22,'建瓯市'),(166,22,'浦城县'),(167,22,'邵武市'),(168,22,'市辖区'),(169,22,'顺昌县'),(170,22,'松溪县'),(171,22,'武夷山市'),(172,22,'延平区'),(173,22,'政和县'),(174,23,'福安市'),(175,23,'福鼎市'),(176,23,'古田县'),(177,23,'蕉城区'),(178,23,'屏南县'),(179,23,'市辖区'),(180,23,'寿宁县'),(181,23,'霞浦县'),(182,23,'周宁县'),(183,23,'柘荣县'),(184,24,'城厢区'),(185,24,'涵江区'),(186,24,'荔城区'),(187,24,'市辖区'),(188,24,'仙游县'),(189,24,'秀屿区'),(190,25,'安溪县'),(191,25,'德化县'),(192,25,'丰泽区'),(193,25,'惠安县'),(194,25,'金门县'),(195,25,'晋江市'),(196,25,'鲤城区'),(197,25,'洛江区'),(198,25,'南安市'),(199,25,'泉港区'),(200,25,'石狮市'),(201,25,'市辖区'),(202,25,'永春县'),(203,26,'大田县'),(204,26,'建宁县'),(205,26,'将乐县'),(206,26,'梅列区'),(207,26,'明溪县'),(208,26,'宁化县'),(209,26,'清流县'),(210,26,'三元区'),(211,26,'沙县'),(212,26,'市辖区'),(213,26,'泰宁县'),(214,26,'永安市'),(215,26,'尤溪县'),(216,27,'海沧区'),(217,27,'湖里区'),(218,27,'集美区'),(219,27,'市辖区'),(220,27,'思明区'),(221,27,'同安区'),(222,27,'翔安区'),(223,28,'长泰县'),(224,28,'东山县'),(225,28,'华安县'),(226,28,'龙海市'),(227,28,'龙文区'),(228,28,'南靖县'),(229,28,'平和县'),(230,28,'市辖区'),(231,28,'云霄县'),(232,28,'漳浦县'),(233,28,'诏安县'),(234,28,'芗城区'),(235,29,'白银区'),(236,29,'会宁县'),(237,29,'景泰县'),(238,29,'靖远县'),(239,29,'平川区'),(240,29,'市辖区'),(241,30,'安定区'),(242,30,'临洮县'),(243,30,'陇西县'),(244,30,'市辖区'),(245,30,'通渭县'),(246,30,'渭源县'),(247,30,'漳县'),(248,30,'岷县'),(249,31,'迭部县'),(250,31,'合作市'),(251,31,'临潭县'),(252,31,'碌曲县'),(253,31,'玛曲县'),(254,31,'夏河县'),(255,31,'舟曲县'),(256,31,'卓尼县'),(257,32,'市辖区'),(258,33,'金川区'),(259,33,'市辖区'),(260,33,'永昌县'),(261,34,'阿克塞哈萨克族自治县'),(262,34,'敦煌市'),(263,34,'瓜州县'),(264,34,'金塔县'),(265,34,'市辖区'),(266,34,'肃北蒙古族自治县'),(267,34,'肃州区'),(268,34,'玉门市'),(269,35,'安宁区'),(270,35,'城关区'),(271,35,'皋兰县'),(272,35,'红古区'),(273,35,'七里河区'),(274,35,'市辖区'),(275,35,'西固区'),(276,35,'永登县'),(277,35,'榆中县'),(278,36,'东乡族自治县'),(279,36,'广河县'),(280,36,'和政县'),(281,36,'积石山保安族东乡族撒拉族自治县'),(282,36,'康乐县'),(283,36,'临夏市'),(284,36,'临夏县'),(285,36,'永靖县'),(286,37,'成县'),(287,37,'徽县'),(288,37,'康县'),(289,37,'礼县'),(290,37,'两当县'),(291,37,'市辖区'),(292,37,'文县'),(293,37,'武都区'),(294,37,'西和县'),(295,37,'宕昌县'),(296,38,'崇信县'),(297,38,'华亭县'),(298,38,'静宁县'),(299,38,'灵台县'),(300,38,'市辖区'),(301,38,'庄浪县'),(302,38,'崆峒区'),(303,38,'泾川县'),(304,39,'合水县'),(305,39,'华池县'),(306,39,'环县'),(307,39,'宁县'),(308,39,'庆城县'),(309,39,'市辖区'),(310,39,'西峰区'),(311,39,'镇原县'),(312,39,'正宁县'),(313,40,'北道区'),(314,40,'甘谷县'),(315,40,'秦安县'),(316,40,'秦城区'),(317,40,'清水县'),(318,40,'市辖区'),(319,40,'武山县'),(320,40,'张家川回族自治县'),(321,41,'古浪县'),(322,41,'凉州区'),(323,41,'民勤县'),(324,41,'市辖区'),(325,41,'天祝藏族自治县'),(326,42,'甘州区'),(327,42,'高台县'),(328,42,'临泽县'),(329,42,'民乐县'),(330,42,'山丹县'),(331,42,'市辖区'),(332,42,'肃南裕固族自治县'),(333,43,'潮安县'),(334,43,'饶平县'),(335,43,'市辖区'),(336,43,'湘桥区'),(337,44,'东莞市市辖区'),(338,45,'高明区'),(339,45,'南海区'),(340,45,'三水区'),(341,45,'市辖区'),(342,45,'顺德区'),(343,45,'禅城区'),(344,46,'白云区'),(345,46,'从化市'),(346,46,'番禺区'),(347,46,'海珠区'),(348,46,'花都区'),(349,46,'黄埔区'),(350,46,'荔湾区'),(351,46,'萝岗区'),(352,46,'南沙区'),(353,46,'市辖区'),(354,46,'天河区'),(355,46,'越秀区'),(356,46,'增城市'),(357,47,'东源县'),(358,47,'和平县'),(359,47,'连平县'),(360,47,'龙川县'),(361,47,'市辖区'),(362,47,'源城区'),(363,47,'紫金县'),(364,48,'博罗县'),(365,48,'惠城区'),(366,48,'惠东县'),(367,48,'惠阳区'),(368,48,'龙门县'),(369,48,'市辖区'),(370,49,'恩平市'),(371,49,'鹤山市'),(372,49,'江海区'),(373,49,'开平市'),(374,49,'蓬江区'),(375,49,'市辖区'),(376,49,'台山市'),(377,49,'新会区'),(378,50,'惠来县'),(379,50,'揭东县'),(380,50,'揭西县'),(381,50,'普宁市'),(382,50,'市辖区'),(383,50,'榕城区'),(384,51,'电白县'),(385,51,'高州市'),(386,51,'化州市'),(387,51,'茂港区'),(388,51,'茂南区'),(389,51,'市辖区'),(390,51,'信宜市'),(391,52,'大埔县'),(392,52,'丰顺县'),(393,52,'蕉岭县'),(394,52,'梅江区'),(395,52,'梅县'),(396,52,'平远县'),(397,52,'市辖区'),(398,52,'五华县'),(399,52,'兴宁市'),(400,53,'佛冈县'),(401,53,'连南瑶族自治县'),(402,53,'连山壮族瑶族自治县'),(403,53,'连州市'),(404,53,'清城区'),(405,53,'清新县'),(406,53,'市辖区'),(407,53,'阳山县'),(408,53,'英德市'),(409,54,'潮南区'),(410,54,'潮阳区'),(411,54,'澄海区'),(412,54,'金平区'),(413,54,'龙湖区'),(414,54,'南澳县'),(415,54,'市辖区'),(416,54,'濠江区'),(417,55,'城区'),(418,55,'海丰县'),(419,55,'陆丰市'),(420,55,'陆河县'),(421,55,'市辖区'),(422,56,'乐昌市'),(423,56,'南雄市'),(424,56,'曲江区'),(425,56,'仁化县'),(426,56,'乳源瑶族自治县'),(427,56,'始兴县'),(428,56,'市辖区'),(429,56,'翁源县'),(430,56,'武江区'),(431,56,'新丰县'),(432,56,'浈江区'),(433,57,'宝安区'),(434,57,'福田区'),(435,57,'龙岗区'),(436,57,'罗湖区'),(437,57,'南山区'),(438,57,'市辖区'),(439,57,'盐田区'),(440,58,'江城区'),(441,58,'市辖区'),(442,58,'阳春市'),(443,58,'阳东县'),(444,58,'阳西县'),(445,59,'罗定市'),(446,59,'市辖区'),(447,59,'新兴县'),(448,59,'郁南县'),(449,59,'云安县'),(450,59,'云城区'),(451,60,'赤坎区'),(452,60,'雷州市'),(453,60,'廉江市'),(454,60,'麻章区'),(455,60,'坡头区'),(456,60,'市辖区'),(457,60,'遂溪县'),(458,60,'吴川市'),(459,60,'霞山区'),(460,60,'徐闻县'),(461,61,'德庆县'),(462,61,'鼎湖区'),(463,61,'端州区'),(464,61,'封开县'),(465,61,'高要市'),(466,61,'广宁县'),(467,61,'怀集县'),(468,61,'市辖区'),(469,61,'四会市'),(470,62,'中山市市辖区'),(471,63,'斗门区'),(472,63,'金湾区'),(473,63,'市辖区'),(474,63,'香洲区'),(475,64,'德保县'),(476,64,'靖西县'),(477,64,'乐业县'),(478,64,'凌云县'),(479,64,'隆林各族自治县'),(480,64,'那坡县'),(481,64,'平果县'),(482,64,'市辖区'),(483,64,'田东县'),(484,64,'田林县'),(485,64,'田阳县'),(486,64,'西林县'),(487,64,'右江区'),(488,65,'海城区'),(489,65,'合浦县'),(490,65,'市辖区'),(491,65,'铁山港区'),(492,65,'银海区'),(493,66,'大新县'),(494,66,'扶绥县'),(495,66,'江洲区'),(496,66,'龙州县'),(497,66,'宁明县'),(498,66,'凭祥市'),(499,66,'市辖区'),(500,66,'天等县'),(501,67,'东兴市'),(502,67,'防城区'),(503,67,'港口区'),(504,67,'上思县'),(505,67,'市辖区'),(506,68,'叠彩区'),(507,68,'恭城瑶族自治县'),(508,68,'灌阳县'),(509,68,'荔蒲县'),(510,68,'临桂县'),(511,68,'灵川县'),(512,68,'龙胜各族自治县'),(513,68,'平乐县'),(514,68,'七星区'),(515,68,'全州县'),(516,68,'市辖区'),(517,68,'象山区'),(518,68,'兴安县'),(519,68,'秀峰区'),(520,68,'雁山区'),(521,68,'阳朔县'),(522,68,'永福县'),(523,68,'资源县'),(524,69,'港北区'),(525,69,'港南区'),(526,69,'桂平市'),(527,69,'平南县'),(528,69,'市辖区'),(529,69,'覃塘区'),(530,70,'巴马瑶族自治县'),(531,70,'大化瑶族自治县'),(532,70,'东兰县'),(533,70,'都安瑶族自治县'),(534,70,'凤山县'),(535,70,'环江毛南族自治县'),(536,70,'金城江区'),(537,70,'罗城仫佬族自治县'),(538,70,'南丹县'),(539,70,'市辖区'),(540,70,'天峨县'),(541,70,'宜州市'),(542,71,'八步区'),(543,71,'富川瑶族自治县'),(544,71,'市辖区'),(545,71,'昭平县'),(546,71,'钟山县'),(547,72,'合山市'),(548,72,'金秀瑶族自治县'),(549,72,'市辖区'),(550,72,'武宣县'),(551,72,'象州县'),(552,72,'忻城县'),(553,72,'兴宾区'),(554,73,'城中区'),(555,73,'柳北区'),(556,73,'柳城县'),(557,73,'柳江县'),(558,73,'柳南区'),(559,73,'鹿寨县'),(560,73,'融安县'),(561,73,'融水苗族自治县'),(562,73,'三江侗族自治县'),(563,73,'市辖区'),(564,73,'鱼峰区'),(565,74,'宾阳县'),(566,74,'横县'),(567,74,'江南区'),(568,74,'良庆区'),(569,74,'隆安县'),(570,74,'马山县'),(571,74,'青秀区'),(572,74,'上林县'),(573,74,'市辖区'),(574,74,'武鸣县'),(575,74,'西乡塘区'),(576,74,'兴宁区'),(577,74,'邕宁区'),(578,75,'灵山县'),(579,75,'浦北县'),(580,75,'钦北区'),(581,75,'钦南区'),(582,75,'市辖区'),(583,76,'苍梧县'),(584,76,'长洲区'),(585,76,'蝶山区'),(586,76,'蒙山县'),(587,76,'市辖区'),(588,76,'藤县'),(589,76,'万秀区'),(590,76,'岑溪市'),(591,77,'北流市'),(592,77,'博白县'),(593,77,'陆川县'),(594,77,'容县'),(595,77,'市辖区'),(596,77,'兴业县'),(597,77,'玉州区'),(598,78,'关岭布依族苗族自治县'),(599,78,'平坝县'),(600,78,'普定县'),(601,78,'市辖区'),(602,78,'西秀区'),(603,78,'镇宁布依族苗族自治县'),(604,78,'紫云苗族布依族自治县'),(605,79,'毕节市'),(606,79,'大方县'),(607,79,'赫章县'),(608,79,'金沙县'),(609,79,'纳雍县'),(610,79,'黔西县'),(611,79,'威宁彝族回族苗族自治县'),(612,79,'织金县'),(613,80,'白云区'),(614,80,'花溪区'),(615,80,'开阳县'),(616,80,'南明区'),(617,80,'清镇市'),(618,80,'市辖区'),(619,80,'乌当区'),(620,80,'息烽县'),(621,80,'小河区'),(622,80,'修文县'),(623,80,'云岩区'),(624,81,'六枝特区'),(625,81,'盘县'),(626,81,'水城县'),(627,81,'钟山区'),(628,82,'从江县'),(629,82,'丹寨县'),(630,82,'黄平县'),(631,82,'剑河县'),(632,82,'锦屏县'),(633,82,'凯里市'),(634,82,'雷山县'),(635,82,'黎平县'),(636,82,'麻江县'),(637,82,'三穗县'),(638,82,'施秉县'),(639,82,'台江县'),(640,82,'天柱县'),(641,82,'镇远县'),(642,82,'岑巩县'),(643,82,'榕江县'),(644,83,'长顺县'),(645,83,'都匀市'),(646,83,'独山县'),(647,83,'福泉市'),(648,83,'贵定县'),(649,83,'惠水县'),(650,83,'荔波县'),(651,83,'龙里县'),(652,83,'罗甸县'),(653,83,'平塘县'),(654,83,'三都水族自治县'),(655,83,'瓮安县'),(656,84,'安龙县'),(657,84,'册亨县'),(658,84,'普安县'),(659,84,'晴隆县'),(660,84,'望谟县'),(661,84,'兴仁县'),(662,84,'兴义市'),(663,84,'贞丰县'),(664,85,'德江县'),(665,85,'江口县'),(666,85,'石阡县'),(667,85,'思南县'),(668,85,'松桃苗族自治县'),(669,85,'铜仁市'),(670,85,'万山特区'),(671,85,'沿河土家族自治县'),(672,85,'印江土家族苗族自治县'),(673,85,'玉屏侗族自治县'),(674,86,'赤水市'),(675,86,'道真仡佬族苗族自治县'),(676,86,'凤冈县'),(677,86,'红花岗区'),(678,86,'汇川区'),(679,86,'仁怀市'),(680,86,'市辖区'),(681,86,'绥阳县'),(682,86,'桐梓县'),(683,86,'务川仡佬族苗族自治县'),(684,86,'习水县'),(685,86,'余庆县'),(686,86,'正安县'),(687,86,'遵义县'),(688,86,'湄潭县'),(689,87,'龙华区'),(690,87,'美兰区'),(691,87,'琼山区'),(692,87,'市辖区'),(693,87,'秀英区'),(694,88,'市辖区'),(695,89,'白沙黎族自治县'),(696,89,'保亭黎族苗族自治县'),(697,89,'昌江黎族自治县'),(698,89,'澄迈县'),(699,89,'定安县'),(700,89,'东方市'),(701,89,'乐东黎族自治县'),(702,89,'临高县'),(703,89,'陵水黎族自治县'),(704,89,'南沙群岛'),(705,89,'琼海市'),(706,89,'琼中黎族苗族自治县'),(707,89,'屯昌县'),(708,89,'万宁市'),(709,89,'文昌市'),(710,89,'五指山市'),(711,89,'西沙群岛'),(712,89,'中沙群岛的岛礁及其海域'),(713,89,'儋州市'),(714,90,'安国市'),(715,90,'安新县'),(716,90,'北市区'),(717,90,'博野县'),(718,90,'定兴县'),(719,90,'定州市'),(720,90,'阜平县'),(721,90,'高碑店市'),(722,90,'高阳县'),(723,90,'满城县'),(724,90,'南市区'),(725,90,'清苑县'),(726,90,'曲阳县'),(727,90,'容城县'),(728,90,'市辖区'),(729,90,'顺平县'),(730,90,'唐县'),(731,90,'望都县'),(732,90,'新市区'),(733,90,'雄县'),(734,90,'徐水县'),(735,90,'易县'),(736,90,'涞水县'),(737,90,'涞源县'),(738,90,'涿州市'),(739,90,'蠡县'),(740,91,'泊头市'),(741,91,'沧县'),(742,91,'东光县'),(743,91,'海兴县'),(744,91,'河间市'),(745,91,'黄骅市'),(746,91,'孟村回族自治县'),(747,91,'南皮县'),(748,91,'青县'),(749,91,'任丘市'),(750,91,'市辖区'),(751,91,'肃宁县'),(752,91,'吴桥县'),(753,91,'献县'),(754,91,'新华区'),(755,91,'盐山县'),(756,91,'运河区'),(757,92,'承德县'),(758,92,'丰宁满族自治县'),(759,92,'宽城满族自治县'),(760,92,'隆化县'),(761,92,'滦平县'),(762,92,'平泉县'),(763,92,'市辖区'),(764,92,'双滦区'),(765,92,'双桥区'),(766,92,'围场满族蒙古族自治县'),(767,92,'兴隆县'),(768,92,'鹰手营子矿区'),(769,93,'成安县'),(770,93,'磁县'),(771,93,'丛台区'),(772,93,'大名县'),(773,93,'肥乡县'),(774,93,'峰峰矿区'),(775,93,'复兴区'),(776,93,'馆陶县'),(777,93,'广平县'),(778,93,'邯郸县'),(779,93,'邯山区'),(780,93,'鸡泽县'),(781,93,'临漳县'),(782,93,'邱县'),(783,93,'曲周县'),(784,93,'涉县'),(785,93,'市辖区'),(786,93,'魏县'),(787,93,'武安市'),(788,93,'永年县'),(789,94,'安平县'),(790,94,'阜城县'),(791,94,'故城县'),(792,94,'冀州市'),(793,94,'景县'),(794,94,'饶阳县'),(795,94,'深州市'),(796,94,'市辖区'),(797,94,'桃城区'),(798,94,'武强县'),(799,94,'武邑县'),(800,94,'枣强县'),(801,95,'安次区'),(802,95,'霸州市'),(803,95,'大厂回族自治县'),(804,95,'大城县'),(805,95,'固安县'),(806,95,'广阳区'),(807,95,'三河市'),(808,95,'市辖区'),(809,95,'文安县'),(810,95,'香河县'),(811,95,'永清县'),(812,96,'北戴河区'),(813,96,'昌黎县'),(814,96,'抚宁县'),(815,96,'海港区'),(816,96,'卢龙县'),(817,96,'青龙满族自治县'),(818,96,'山海关区'),(819,96,'市辖区'),(820,97,'长安区'),(821,97,'高邑县'),(822,97,'晋州市'),(823,97,'井陉矿区'),(824,97,'井陉县'),(825,97,'灵寿县'),(826,97,'鹿泉市'),(827,97,'平山县'),(828,97,'桥东区'),(829,97,'桥西区'),(830,97,'深泽县'),(831,97,'市辖区'),(832,97,'无极县'),(833,97,'辛集市'),(834,97,'新华区'),(835,97,'新乐市'),(836,97,'行唐县'),(837,97,'裕华区'),(838,97,'元氏县'),(839,97,'赞皇县'),(840,97,'赵县'),(841,97,'正定县'),(842,97,'藁城市'),(843,97,'栾城县'),(844,98,'丰南区'),(845,98,'丰润区'),(846,98,'古冶区'),(847,98,'开平区'),(848,98,'乐亭县'),(849,98,'路北区'),(850,98,'路南区'),(851,98,'滦南县'),(852,98,'滦县'),(853,98,'迁安市'),(854,98,'迁西县'),(855,98,'市辖区'),(856,98,'唐海县'),(857,98,'玉田县'),(858,98,'遵化市'),(859,99,'柏乡县'),(860,99,'广宗县'),(861,99,'巨鹿县'),(862,99,'临城县'),(863,99,'临西县'),(864,99,'隆尧县'),(865,99,'南宫市'),(866,99,'南和县'),(867,99,'内丘县'),(868,99,'宁晋县'),(869,99,'平乡县'),(870,99,'桥东区'),(871,99,'桥西区'),(872,99,'清河县'),(873,99,'任县'),(874,99,'沙河市'),(875,99,'市辖区'),(876,99,'威县'),(877,99,'新河县'),(878,99,'邢台县'),(879,100,'赤城县'),(880,100,'崇礼县'),(881,100,'沽源县'),(882,100,'怀安县'),(883,100,'怀来县'),(884,100,'康保县'),(885,100,'桥东区'),(886,100,'桥西区'),(887,100,'尚义县'),(888,100,'市辖区'),(889,100,'万全县'),(890,100,'蔚县'),(891,100,'下花园区'),(892,100,'宣化区'),(893,100,'宣化县'),(894,100,'阳原县'),(895,100,'张北县'),(896,100,'涿鹿县'),(897,101,'安阳县'),(898,101,'北关区'),(899,101,'滑县'),(900,101,'林州市'),(901,101,'龙安区'),(902,101,'内黄县'),(903,101,'市辖区'),(904,101,'汤阴县'),(905,101,'文峰区'),(906,101,'殷都区'),(907,102,'鹤山区'),(908,102,'浚县'),(909,102,'山城区'),(910,102,'市辖区'),(911,102,'淇滨区'),(912,102,'淇县'),(913,103,'博爱县'),(914,103,'济源市'),(915,103,'解放区'),(916,103,'马村区'),(917,103,'孟州市'),(918,103,'沁阳市'),(919,103,'山阳区'),(920,103,'市辖区'),(921,103,'温县'),(922,103,'武陟县'),(923,103,'修武县'),(924,103,'中站区'),(925,104,'鼓楼区'),(926,104,'金明区'),(927,104,'开封县'),(928,104,'兰考县'),(929,104,'龙亭区'),(930,104,'市辖区'),(931,104,'顺河回族区'),(932,104,'通许县'),(933,104,'尉氏县'),(934,104,'禹王台区'),(935,104,'杞县'),(936,105,'吉利区'),(937,105,'涧西区'),(938,105,'老城区'),(939,105,'洛龙区'),(940,105,'洛宁县'),(941,105,'孟津县'),(942,105,'汝阳县'),(943,105,'市辖区'),(944,105,'西工区'),(945,105,'新安县'),(946,105,'伊川县'),(947,105,'宜阳县'),(948,105,'偃师市'),(949,105,'嵩县'),(950,105,'廛河回族区'),(951,105,'栾川县'),(952,106,'邓州市'),(953,106,'方城县'),(954,106,'南召县'),(955,106,'内乡县'),(956,106,'社旗县'),(957,106,'市辖区'),(958,106,'唐河县'),(959,106,'桐柏县'),(960,106,'宛城区'),(961,106,'卧龙区'),(962,106,'西峡县'),(963,106,'新野县'),(964,106,'镇平县'),(965,106,'淅川县'),(966,107,'宝丰县'),(967,107,'鲁山县'),(968,107,'汝州市'),(969,107,'石龙区'),(970,107,'市辖区'),(971,107,'卫东区'),(972,107,'舞钢市'),(973,107,'新华区'),(974,107,'叶县'),(975,107,'湛河区'),(976,107,'郏县'),(977,108,'湖滨区'),(978,108,'灵宝市'),(979,108,'卢氏县'),(980,108,'陕县'),(981,108,'市辖区'),(982,108,'义马市'),(983,108,'渑池县'),(984,109,'梁园区'),(985,109,'民权县'),(986,109,'宁陵县'),(987,109,'市辖区'),(988,109,'夏邑县'),(989,109,'永城市'),(990,109,'虞城县'),(991,109,'柘城县'),(992,109,'睢县'),(993,109,'睢阳区'),(994,110,'长垣县'),(995,110,'封丘县'),(996,110,'凤泉区'),(997,110,'红旗区'),(998,110,'辉县市'),(999,110,'获嘉县'),(1000,110,'牧野区'),(1001,110,'市辖区'),(1002,110,'卫滨区'),(1003,110,'卫辉市'),(1004,110,'新乡县'),(1005,110,'延津县'),(1006,110,'原阳县'),(1007,111,'浉河区'),(1008,111,'固始县'),(1009,111,'光山县'),(1010,111,'淮滨县'),(1011,111,'罗山县'),(1012,111,'平桥区'),(1013,111,'商城县'),(1014,111,'市辖区'),(1015,111,'息县'),(1016,111,'新县'),(1017,111,'潢川县'),(1018,112,'长葛市'),(1019,112,'市辖区'),(1020,112,'魏都区'),(1021,112,'襄城县'),(1022,112,'许昌县'),(1023,112,'禹州市'),(1024,112,'鄢陵县'),(1025,113,'登封市'),(1026,113,'二七区'),(1027,113,'巩义市'),(1028,113,'管城回族区'),(1029,113,'惠济区'),(1030,113,'金水区'),(1031,113,'上街区'),(1032,113,'市辖区'),(1033,113,'新密市'),(1034,113,'新郑市'),(1035,113,'中牟县'),(1036,113,'中原区'),(1037,113,'荥阳市'),(1038,114,'川汇区'),(1039,114,'郸城县'),(1040,114,'扶沟县'),(1041,114,'淮阳县'),(1042,114,'鹿邑县'),(1043,114,'商水县'),(1044,114,'沈丘县'),(1045,114,'市辖区'),(1046,114,'太康县'),(1047,114,'西华县'),(1048,114,'项城市'),(1049,115,'泌阳县'),(1050,115,'平舆县'),(1051,115,'确山县'),(1052,115,'汝南县'),(1053,115,'上蔡县'),(1054,115,'市辖区'),(1055,115,'遂平县'),(1056,115,'西平县'),(1057,115,'新蔡县'),(1058,115,'正阳县'),(1059,115,'驿城区'),(1060,116,'临颍县'),(1061,116,'市辖区'),(1062,116,'舞阳县'),(1063,116,'源汇区'),(1064,116,'召陵区'),(1065,116,'郾城区'),(1066,117,'范县'),(1067,117,'华龙区'),(1068,117,'南乐县'),(1069,117,'清丰县'),(1070,117,'市辖区'),(1071,117,'台前县'),(1072,117,'濮阳县'),(1073,118,'大同区'),(1074,118,'杜尔伯特蒙古族自治县'),(1075,118,'红岗区'),(1076,118,'林甸县'),(1077,118,'龙凤区'),(1078,118,'让胡路区'),(1079,118,'萨尔图区'),(1080,118,'市辖区'),(1081,118,'肇源县'),(1082,118,'肇州县'),(1083,119,'呼玛县'),(1084,119,'呼中区'),(1085,119,'加格达奇区'),(1086,119,'漠河县'),(1087,119,'松岭区'),(1088,119,'塔河县'),(1089,119,'新林区'),(1090,120,'阿城区'),(1091,120,'巴彦县'),(1092,120,'宾县'),(1093,120,'道里区'),(1094,120,'道外区'),(1095,120,'方正县'),(1096,120,'呼兰区'),(1097,120,'木兰县'),(1098,120,'南岗区'),(1099,120,'平房区'),(1100,120,'尚志市'),(1101,120,'市辖区'),(1102,120,'双城市'),(1103,120,'松北区'),(1104,120,'通河县'),(1105,120,'五常市'),(1106,120,'香坊区'),(1107,120,'延寿县'),(1108,120,'依兰县'),(1109,121,'东山区'),(1110,121,'工农区'),(1111,121,'萝北县'),(1112,121,'南山区'),(1113,121,'市辖区'),(1114,121,'绥滨县'),(1115,121,'向阳区'),(1116,121,'兴安区'),(1117,121,'兴山区'),(1118,122,'爱辉区'),(1119,122,'北安市'),(1120,122,'嫩江县'),(1121,122,'市辖区'),(1122,122,'孙吴县'),(1123,122,'五大连池市'),(1124,122,'逊克县'),(1125,123,'城子河区'),(1126,123,'滴道区'),(1127,123,'恒山区'),(1128,123,'虎林市'),(1129,123,'鸡东县'),(1130,123,'鸡冠区'),(1131,123,'梨树区'),(1132,123,'麻山区'),(1133,123,'密山市'),(1134,123,'市辖区'),(1135,124,'东风区'),(1136,124,'抚远县'),(1137,124,'富锦市'),(1138,124,'郊区'),(1139,124,'前进区'),(1140,124,'市辖区'),(1141,124,'汤原县'),(1142,124,'同江市'),(1143,124,'向阳区'),(1144,124,'桦川县'),(1145,124,'桦南县'),(1146,125,'爱民区'),(1147,125,'东安区'),(1148,125,'东宁县'),(1149,125,'海林市'),(1150,125,'林口县'),(1151,125,'穆棱市'),(1152,125,'宁安市'),(1153,125,'市辖区'),(1154,125,'绥芬河市'),(1155,125,'西安区'),(1156,125,'阳明区'),(1157,126,'勃利县'),(1158,126,'茄子河区'),(1159,126,'市辖区'),(1160,126,'桃山区'),(1161,126,'新兴区'),(1162,127,'昂昂溪区'),(1163,127,'拜泉县'),(1164,127,'富拉尔基区'),(1165,127,'富裕县'),(1166,127,'甘南县'),(1167,127,'建华区'),(1168,127,'克东县'),(1169,127,'克山县'),(1170,127,'龙江县'),(1171,127,'龙沙区'),(1172,127,'梅里斯达斡尔族区'),(1173,127,'碾子山区'),(1174,127,'市辖区'),(1175,127,'泰来县'),(1176,127,'铁锋区'),(1177,127,'依安县'),(1178,127,'讷河市'),(1179,128,'宝清县'),(1180,128,'宝山区'),(1181,128,'集贤县'),(1182,128,'尖山区'),(1183,128,'岭东区'),(1184,128,'饶河县'),(1185,128,'市辖区'),(1186,128,'四方台区'),(1187,128,'友谊县'),(1188,129,'安达市'),(1189,129,'北林区'),(1190,129,'海伦市'),(1191,129,'兰西县'),(1192,129,'明水县'),(1193,129,'青冈县'),(1194,129,'庆安县'),(1195,129,'市辖区'),(1196,129,'绥棱县'),(1197,129,'望奎县'),(1198,129,'肇东市'),(1199,130,'翠峦区'),(1200,130,'带岭区'),(1201,130,'红星区'),(1202,130,'嘉荫县'),(1203,130,'金山屯区'),(1204,130,'美溪区'),(1205,130,'南岔区'),(1206,130,'上甘岭区'),(1207,130,'市辖区'),(1208,130,'汤旺河区'),(1209,130,'铁力市'),(1210,130,'乌马河区'),(1211,130,'乌伊岭区'),(1212,130,'五营区'),(1213,130,'西林区'),(1214,130,'新青区'),(1215,130,'伊春区'),(1216,130,'友好区'),(1217,131,'鄂城区'),(1218,131,'华容区'),(1219,131,'梁子湖区'),(1220,131,'市辖区'),(1221,132,'巴东县'),(1222,132,'恩施市'),(1223,132,'鹤峰县'),(1224,132,'建始县'),(1225,132,'来凤县'),(1226,132,'利川市'),(1227,132,'咸丰县'),(1228,132,'宣恩县'),(1229,133,'红安县'),(1230,133,'黄梅县'),(1231,133,'黄州区'),(1232,133,'罗田县'),(1233,133,'麻城市'),(1234,133,'市辖区'),(1235,133,'团风县'),(1236,133,'武穴市'),(1237,133,'英山县'),(1238,133,'蕲春县'),(1239,133,'浠水县'),(1240,134,'大冶市'),(1241,134,'黄石港区'),(1242,134,'市辖区'),(1243,134,'铁山区'),(1244,134,'西塞山区'),(1245,134,'下陆区'),(1246,134,'阳新县'),(1247,135,'东宝区'),(1248,135,'掇刀区'),(1249,135,'京山县'),(1250,135,'沙洋县'),(1251,135,'市辖区'),(1252,135,'钟祥市'),(1253,136,'公安县'),(1254,136,'洪湖市'),(1255,136,'监利县'),(1256,136,'江陵县'),(1257,136,'荆州区'),(1258,136,'沙市区'),(1259,136,'石首市'),(1260,136,'市辖区'),(1261,136,'松滋市'),(1262,137,'潜江市'),(1263,137,'神农架林区'),(1264,137,'天门市'),(1265,137,'仙桃市'),(1266,138,'丹江口市'),(1267,138,'房县'),(1268,138,'茅箭区'),(1269,138,'市辖区'),(1270,138,'郧西县'),(1271,138,'郧县'),(1272,138,'张湾区'),(1273,138,'竹山县'),(1274,138,'竹溪县'),(1275,139,'广水市'),(1276,139,'市辖区'),(1277,139,'曾都区'),(1278,140,'蔡甸区'),(1279,140,'硚口区'),(1280,140,'东西湖区'),(1281,140,'汉南区'),(1282,140,'汉阳区'),(1283,140,'洪山区'),(1284,140,'黄陂区'),(1285,140,'江岸区'),(1286,140,'江汉区'),(1287,140,'江夏区'),(1288,140,'青山区'),(1289,140,'市辖区'),(1290,140,'武昌区'),(1291,140,'新洲区'),(1292,141,'赤壁市'),(1293,141,'崇阳县'),(1294,141,'嘉鱼县'),(1295,141,'市辖区'),(1296,141,'通城县'),(1297,141,'通山县'),(1298,141,'咸安区'),(1299,142,'保康县'),(1300,142,'樊城区'),(1301,142,'谷城县'),(1302,142,'老河口市'),(1303,142,'南漳县'),(1304,142,'市辖区'),(1305,142,'襄城区'),(1306,142,'襄阳区'),(1307,142,'宜城市'),(1308,142,'枣阳市'),(1309,143,'安陆市'),(1310,143,'大悟县'),(1311,143,'汉川市'),(1312,143,'市辖区'),(1313,143,'孝昌县'),(1314,143,'孝南区'),(1315,143,'应城市'),(1316,143,'云梦县'),(1317,144,'猇亭区'),(1318,144,'长阳土家族自治县'),(1319,144,'当阳市'),(1320,144,'点军区'),(1321,144,'市辖区'),(1322,144,'五峰土家族自治县'),(1323,144,'伍家岗区'),(1324,144,'西陵区'),(1325,144,'兴山县'),(1326,144,'夷陵区'),(1327,144,'宜都市'),(1328,144,'远安县'),(1329,144,'枝江市'),(1330,144,'秭归县'),(1331,145,'安乡县'),(1332,145,'鼎城区'),(1333,145,'汉寿县'),(1334,145,'津市市'),(1335,145,'临澧县'),(1336,145,'石门县'),(1337,145,'市辖区'),(1338,145,'桃源县'),(1339,145,'武陵区'),(1340,145,'澧县'),(1341,146,'长沙县'),(1342,146,'开福区'),(1343,146,'宁乡县'),(1344,146,'市辖区'),(1345,146,'天心区'),(1346,146,'望城县'),(1347,146,'雨花区'),(1348,146,'岳麓区'),(1349,146,'芙蓉区'),(1350,146,'浏阳市'),(1351,147,'安仁县'),(1352,147,'北湖区'),(1353,147,'桂东县'),(1354,147,'桂阳县'),(1355,147,'嘉禾县'),(1356,147,'临武县'),(1357,147,'汝城县'),(1358,147,'市辖区'),(1359,147,'苏仙区'),(1360,147,'宜章县'),(1361,147,'永兴县'),(1362,147,'资兴市'),(1363,148,'常宁市'),(1364,148,'衡东县'),(1365,148,'衡南县'),(1366,148,'衡山县'),(1367,148,'衡阳县'),(1368,148,'南岳区'),(1369,148,'祁东县'),(1370,148,'石鼓区'),(1371,148,'市辖区'),(1372,148,'雁峰区'),(1373,148,'蒸湘区'),(1374,148,'珠晖区'),(1375,148,'耒阳市'),(1376,149,'辰溪县'),(1377,149,'鹤城区'),(1378,149,'洪江市'),(1379,149,'会同县'),(1380,149,'靖州苗族侗族自治县'),(1381,149,'麻阳苗族自治县'),(1382,149,'市辖区'),(1383,149,'通道侗族自治县'),(1384,149,'新晃侗族自治县'),(1385,149,'中方县'),(1386,149,'芷江侗族自治县'),(1387,149,'沅陵县'),(1388,149,'溆浦县'),(1389,150,'冷水江市'),(1390,150,'涟源市'),(1391,150,'娄星区'),(1392,150,'市辖区'),(1393,150,'双峰县'),(1394,150,'新化县'),(1395,151,'北塔区'),(1396,151,'城步苗族自治县'),(1397,151,'大祥区'),(1398,151,'洞口县'),(1399,151,'隆回县'),(1400,151,'邵东县'),(1401,151,'邵阳县'),(1402,151,'市辖区'),(1403,151,'双清区'),(1404,151,'绥宁县'),(1405,151,'武冈市'),(1406,151,'新宁县'),(1407,151,'新邵县'),(1408,152,'韶山市'),(1409,152,'市辖区'),(1410,152,'湘潭县'),(1411,152,'湘乡市'),(1412,152,'雨湖区'),(1413,152,'岳塘区'),(1414,153,'保靖县'),(1415,153,'凤凰县'),(1416,153,'古丈县'),(1417,153,'花垣县'),(1418,153,'吉首市'),(1419,153,'龙山县'),(1420,153,'永顺县'),(1421,153,'泸溪县'),(1422,154,'安化县'),(1423,154,'赫山区'),(1424,154,'南县'),(1425,154,'市辖区'),(1426,154,'桃江县'),(1427,154,'资阳区'),(1428,154,'沅江市'),(1429,155,'道县'),(1430,155,'东安县'),(1431,155,'江华瑶族自治县'),(1432,155,'江永县'),(1433,155,'蓝山县'),(1434,155,'冷水滩区'),(1435,155,'零陵区'),(1436,155,'宁远县'),(1437,155,'祁阳县'),(1438,155,'市辖区'),(1439,155,'双牌县'),(1440,155,'新田县'),(1441,156,'华容县'),(1442,156,'君山区'),(1443,156,'临湘市'),(1444,156,'平江县'),(1445,156,'市辖区'),(1446,156,'湘阴县'),(1447,156,'岳阳楼区'),(1448,156,'岳阳县'),(1449,156,'云溪区'),(1450,156,'汨罗市'),(1451,157,'慈利县'),(1452,157,'桑植县'),(1453,157,'市辖区'),(1454,157,'武陵源区'),(1455,157,'永定区'),(1456,158,'茶陵县'),(1457,158,'荷塘区'),(1458,158,'芦淞区'),(1459,158,'石峰区'),(1460,158,'市辖区'),(1461,158,'天元区'),(1462,158,'炎陵县'),(1463,158,'株洲县'),(1464,158,'攸县'),(1465,158,'醴陵市'),(1466,159,'大安市'),(1467,159,'市辖区'),(1468,159,'通榆县'),(1469,159,'镇赉县'),(1470,159,'洮北区'),(1471,159,'洮南市'),(1472,160,'八道江区'),(1473,160,'长白朝鲜族自治县'),(1474,160,'抚松县'),(1475,160,'江源区'),(1476,160,'靖宇县'),(1477,160,'临江市'),(1478,160,'市辖区'),(1479,161,'朝阳区'),(1480,161,'德惠市'),(1481,161,'二道区'),(1482,161,'九台市'),(1483,161,'宽城区'),(1484,161,'绿园区'),(1485,161,'南关区'),(1486,161,'农安县'),(1487,161,'市辖区'),(1488,161,'双阳区'),(1489,161,'榆树市'),(1490,162,'昌邑区'),(1491,162,'船营区'),(1492,162,'丰满区'),(1493,162,'龙潭区'),(1494,162,'磐石市'),(1495,162,'市辖区'),(1496,162,'舒兰市'),(1497,162,'永吉县'),(1498,162,'桦甸市'),(1499,162,'蛟河市'),(1500,163,'东丰县'),(1501,163,'东辽县'),(1502,163,'龙山区'),(1503,163,'市辖区'),(1504,163,'西安区'),(1505,164,'公主岭市'),(1506,164,'梨树县'),(1507,164,'市辖区'),(1508,164,'双辽市'),(1509,164,'铁东区'),(1510,164,'铁西区'),(1511,164,'伊通满族自治县'),(1512,165,'长岭县'),(1513,165,'扶余县'),(1514,165,'宁江区'),(1515,165,'乾安县'),(1516,165,'前郭尔罗斯蒙古族自治县'),(1517,165,'市辖区'),(1518,166,'东昌区'),(1519,166,'二道江区'),(1520,166,'辉南县'),(1521,166,'集安市'),(1522,166,'柳河县'),(1523,166,'梅河口市'),(1524,166,'市辖区'),(1525,166,'通化县'),(1526,167,'安图县'),(1527,167,'敦化市'),(1528,167,'和龙市'),(1529,167,'龙井市'),(1530,167,'图们市'),(1531,167,'汪清县'),(1532,167,'延吉市'),(1533,167,'珲春市'),(1534,168,'金坛市'),(1535,168,'戚墅堰区'),(1536,168,'市辖区'),(1537,168,'天宁区'),(1538,168,'武进区'),(1539,168,'新北区'),(1540,168,'钟楼区'),(1541,168,'溧阳市'),(1542,169,'楚州区'),(1543,169,'洪泽县'),(1544,169,'淮阴区'),(1545,169,'金湖县'),(1546,169,'涟水县'),(1547,169,'清河区'),(1548,169,'清浦区'),(1549,169,'市辖区'),(1550,169,'盱眙县'),(1551,170,'东海县'),(1552,170,'赣榆县'),(1553,170,'灌南县'),(1554,170,'灌云县'),(1555,170,'海州区'),(1556,170,'连云区'),(1557,170,'市辖区'),(1558,170,'新浦区'),(1559,171,'白下区'),(1560,171,'高淳县'),(1561,171,'鼓楼区'),(1562,171,'建邺区'),(1563,171,'江宁区'),(1564,171,'六合区'),(1565,171,'浦口区'),(1566,171,'栖霞区'),(1567,171,'秦淮区'),(1568,171,'市辖区'),(1569,171,'下关区'),(1570,171,'玄武区'),(1571,171,'雨花台区'),(1572,171,'溧水县'),(1573,172,'崇川区'),(1574,172,'港闸区'),(1575,172,'海安县'),(1576,172,'海门市'),(1577,172,'启东市'),(1578,172,'如东县'),(1579,172,'如皋市'),(1580,172,'市辖区'),(1581,172,'通州市'),(1582,173,'沧浪区'),(1583,173,'常熟市'),(1584,173,'虎丘区'),(1585,173,'金阊区'),(1586,173,'昆山市'),(1587,173,'平江区'),(1588,173,'市辖区'),(1589,173,'太仓市'),(1590,173,'吴江市'),(1591,173,'吴中区'),(1592,173,'相城区'),(1593,173,'张家港市'),(1594,174,'市辖区'),(1595,174,'宿城区'),(1596,174,'宿豫区'),(1597,174,'沭阳县'),(1598,174,'泗洪县'),(1599,174,'泗阳县'),(1600,175,'高港区'),(1601,175,'海陵区'),(1602,175,'姜堰市'),(1603,175,'靖江市'),(1604,175,'市辖区'),(1605,175,'泰兴市'),(1606,175,'兴化市'),(1607,176,'北塘区'),(1608,176,'滨湖区'),(1609,176,'崇安区'),(1610,176,'惠山区'),(1611,176,'江阴市'),(1612,176,'南长区'),(1613,176,'市辖区'),(1614,176,'锡山区'),(1615,176,'宜兴市'),(1616,177,'丰县'),(1617,177,'鼓楼区'),(1618,177,'贾汪区'),(1619,177,'九里区'),(1620,177,'沛县'),(1621,177,'泉山区'),(1622,177,'市辖区'),(1623,177,'铜山县'),(1624,177,'新沂市'),(1625,177,'云龙区'),(1626,177,'邳州市'),(1627,177,'睢宁县'),(1628,178,'滨海县'),(1629,178,'大丰市'),(1630,178,'东台市'),(1631,178,'阜宁县'),(1632,178,'建湖县'),(1633,178,'射阳县'),(1634,178,'市辖区'),(1635,178,'亭湖区'),(1636,178,'响水县'),(1637,178,'盐都区'),(1638,179,'宝应县'),(1639,179,'高邮市'),(1640,179,'广陵区'),(1641,179,'江都市'),(1642,179,'市辖区'),(1643,179,'维扬区'),(1644,179,'仪征市'),(1645,179,'邗江区'),(1646,180,'丹徒区'),(1647,180,'丹阳市'),(1648,180,'京口区'),(1649,180,'句容市'),(1650,180,'润州区'),(1651,180,'市辖区'),(1652,180,'扬中市'),(1653,181,'崇仁县'),(1654,181,'东乡县'),(1655,181,'广昌县'),(1656,181,'金溪县'),(1657,181,'乐安县'),(1658,181,'黎川县'),(1659,181,'临川区'),(1660,181,'南城县'),(1661,181,'南丰县'),(1662,181,'市辖区'),(1663,181,'宜黄县'),(1664,181,'资溪县'),(1665,182,'安远县'),(1666,182,'崇义县'),(1667,182,'大余县'),(1668,182,'定南县'),(1669,182,'赣县'),(1670,182,'会昌县'),(1671,182,'龙南县'),(1672,182,'南康市'),(1673,182,'宁都县'),(1674,182,'全南县'),(1675,182,'瑞金市'),(1676,182,'上犹县'),(1677,182,'石城县'),(1678,182,'市辖区'),(1679,182,'信丰县'),(1680,182,'兴国县'),(1681,182,'寻乌县'),(1682,182,'于都县'),(1683,182,'章贡区'),(1684,183,'安福县'),(1685,183,'吉安县'),(1686,183,'吉水县'),(1687,183,'吉州区'),(1688,183,'井冈山市'),(1689,183,'青原区'),(1690,183,'市辖区'),(1691,183,'遂川县'),(1692,183,'泰和县'),(1693,183,'万安县'),(1694,183,'峡江县'),(1695,183,'新干县'),(1696,183,'永丰县'),(1697,183,'永新县'),(1698,184,'昌江区'),(1699,184,'浮梁县'),(1700,184,'乐平市'),(1701,184,'市辖区'),(1702,184,'珠山区'),(1703,185,'德安县'),(1704,185,'都昌县'),(1705,185,'湖口县'),(1706,185,'九江县'),(1707,185,'庐山区'),(1708,185,'彭泽县'),(1709,185,'瑞昌市'),(1710,185,'市辖区'),(1711,185,'武宁县'),(1712,185,'星子县'),(1713,185,'修水县'),(1714,185,'永修县'),(1715,185,'浔阳区'),(1716,186,'安义县'),(1717,186,'东湖区'),(1718,186,'进贤县'),(1719,186,'南昌县'),(1720,186,'青山湖区'),(1721,186,'青云谱区'),(1722,186,'市辖区'),(1723,186,'湾里区'),(1724,186,'西湖区'),(1725,186,'新建县'),(1726,187,'安源区'),(1727,187,'莲花县'),(1728,187,'芦溪县'),(1729,187,'上栗县'),(1730,187,'市辖区'),(1731,187,'湘东区'),(1732,188,'德兴市'),(1733,188,'广丰县'),(1734,188,'横峰县'),(1735,188,'铅山县'),(1736,188,'上饶县'),(1737,188,'市辖区'),(1738,188,'万年县'),(1739,188,'信州区'),(1740,188,'余干县'),(1741,188,'玉山县'),(1742,188,'鄱阳县'),(1743,188,'弋阳县'),(1744,188,'婺源县'),(1745,189,'分宜县'),(1746,189,'市辖区'),(1747,189,'渝水区'),(1748,190,'丰城市'),(1749,190,'奉新县'),(1750,190,'高安市'),(1751,190,'靖安县'),(1752,190,'上高县'),(1753,190,'市辖区'),(1754,190,'铜鼓县'),(1755,190,'万载县'),(1756,190,'宜丰县'),(1757,190,'袁州区'),(1758,190,'樟树市'),(1759,191,'贵溪市'),(1760,191,'市辖区'),(1761,191,'余江县'),(1762,191,'月湖区'),(1763,192,'海城市'),(1764,192,'立山区'),(1765,192,'千山区'),(1766,192,'市辖区'),(1767,192,'台安县'),(1768,192,'铁东区'),(1769,192,'铁西区'),(1770,192,'岫岩满族自治县'),(1771,193,'本溪满族自治县'),(1772,193,'桓仁满族自治县'),(1773,193,'明山区'),(1774,193,'南芬区'),(1775,193,'平山区'),(1776,193,'市辖区'),(1777,193,'溪湖区'),(1778,194,'北票市'),(1779,194,'朝阳县'),(1780,194,'建平县'),(1781,194,'喀喇沁左翼蒙古族自治县'),(1782,194,'凌源市'),(1783,194,'龙城区'),(1784,194,'市辖区'),(1785,194,'双塔区'),(1786,195,'长海县'),(1787,195,'甘井子区'),(1788,195,'金州区'),(1789,195,'旅顺口区'),(1790,195,'普兰店市'),(1791,195,'沙河口区'),(1792,195,'市辖区'),(1793,195,'瓦房店市'),(1794,195,'西岗区'),(1795,195,'中山区'),(1796,195,'庄河市'),(1797,196,'东港市'),(1798,196,'凤城市'),(1799,196,'宽甸满族自治县'),(1800,196,'市辖区'),(1801,196,'元宝区'),(1802,196,'振安区'),(1803,196,'振兴区'),(1804,197,'东洲区'),(1805,197,'抚顺县'),(1806,197,'清原满族自治县'),(1807,197,'市辖区'),(1808,197,'顺城区'),(1809,197,'望花区'),(1810,197,'新宾满族自治县'),(1811,197,'新抚区'),(1812,198,'阜新蒙古族自治县'),(1813,198,'海州区'),(1814,198,'清河门区'),(1815,198,'市辖区'),(1816,198,'太平区'),(1817,198,'细河区'),(1818,198,'新邱区'),(1819,198,'彰武县'),(1820,199,'建昌县'),(1821,199,'连山区'),(1822,199,'龙港区'),(1823,199,'南票区'),(1824,199,'市辖区'),(1825,199,'绥中县'),(1826,199,'兴城市'),(1827,200,'北镇市'),(1828,200,'古塔区'),(1829,200,'黑山县'),(1830,200,'凌海市'),(1831,200,'凌河区'),(1832,200,'市辖区'),(1833,200,'太和区'),(1834,200,'义县'),(1835,201,'白塔区'),(1836,201,'灯塔市'),(1837,201,'弓长岭区'),(1838,201,'宏伟区'),(1839,201,'辽阳县'),(1840,201,'市辖区'),(1841,201,'太子河区'),(1842,201,'文圣区'),(1843,202,'大洼县'),(1844,202,'盘山县'),(1845,202,'市辖区'),(1846,202,'双台子区'),(1847,202,'兴隆台区'),(1848,203,'大东区'),(1849,203,'东陵区'),(1850,203,'法库县'),(1851,203,'和平区'),(1852,203,'皇姑区'),(1853,203,'康平县'),(1854,203,'辽中县'),(1855,203,'沈北新区'),(1856,203,'沈河区'),(1857,203,'市辖区'),(1858,203,'苏家屯区'),(1859,203,'铁西区'),(1860,203,'新民市'),(1861,203,'于洪区'),(1862,204,'昌图县'),(1863,204,'调兵山市'),(1864,204,'开原市'),(1865,204,'清河区'),(1866,204,'市辖区'),(1867,204,'铁岭县'),(1868,204,'西丰县'),(1869,204,'银州区'),(1870,205,'大石桥市'),(1871,205,'盖州市'),(1872,205,'老边区'),(1873,205,'市辖区'),(1874,205,'西市区'),(1875,205,'站前区'),(1876,205,'鲅鱼圈区'),(1877,206,'阿拉善右旗'),(1878,206,'阿拉善左旗'),(1879,206,'额济纳旗'),(1880,207,'杭锦后旗'),(1881,207,'临河区'),(1882,207,'市辖区'),(1883,207,'乌拉特后旗'),(1884,207,'乌拉特前旗'),(1885,207,'乌拉特中旗'),(1886,207,'五原县'),(1887,207,'磴口县'),(1888,208,'白云矿区'),(1889,208,'达尔罕茂明安联合旗'),(1890,208,'东河区'),(1891,208,'固阳县'),(1892,208,'九原区'),(1893,208,'昆都仑区'),(1894,208,'青山区'),(1895,208,'石拐区'),(1896,208,'市辖区'),(1897,208,'土默特右旗'),(1898,209,'阿鲁科尔沁旗'),(1899,209,'敖汉旗'),(1900,209,'巴林右旗'),(1901,209,'巴林左旗'),(1902,209,'红山区'),(1903,209,'喀喇沁旗'),(1904,209,'克什克腾旗'),(1905,209,'林西县'),(1906,209,'宁城县'),(1907,209,'市辖区'),(1908,209,'松山区'),(1909,209,'翁牛特旗'),(1910,209,'元宝山区'),(1911,210,'达拉特旗'),(1912,210,'东胜区'),(1913,210,'鄂托克旗'),(1914,210,'鄂托克前旗'),(1915,210,'杭锦旗'),(1916,210,'乌审旗'),(1917,210,'伊金霍洛旗'),(1918,210,'准格尔旗'),(1919,211,'和林格尔县'),(1920,211,'回民区'),(1921,211,'清水河县'),(1922,211,'赛罕区'),(1923,211,'市辖区'),(1924,211,'土默特左旗'),(1925,211,'托克托县'),(1926,211,'武川县'),(1927,211,'新城区'),(1928,211,'玉泉区'),(1929,212,'阿荣旗'),(1930,212,'陈巴尔虎旗'),(1931,212,'额尔古纳市'),(1932,212,'鄂伦春自治旗'),(1933,212,'鄂温克族自治旗'),(1934,212,'根河市'),(1935,212,'海拉尔区'),(1936,212,'满洲里市'),(1937,212,'莫力达瓦达斡尔族自治旗'),(1938,212,'市辖区'),(1939,212,'新巴尔虎右旗'),(1940,212,'新巴尔虎左旗'),(1941,212,'牙克石市'),(1942,212,'扎兰屯市'),(1943,213,'霍林郭勒市'),(1944,213,'开鲁县'),(1945,213,'科尔沁区'),(1946,213,'科尔沁左翼后旗'),(1947,213,'科尔沁左翼中旗'),(1948,213,'库伦旗'),(1949,213,'奈曼旗'),(1950,213,'市辖区'),(1951,213,'扎鲁特旗'),(1952,214,'海勃湾区'),(1953,214,'海南区'),(1954,214,'市辖区'),(1955,214,'乌达区'),(1956,215,'察哈尔右翼后旗'),(1957,215,'察哈尔右翼前旗'),(1958,215,'察哈尔右翼中旗'),(1959,215,'丰镇市'),(1960,215,'化德县'),(1961,215,'集宁区'),(1962,215,'凉城县'),(1963,215,'商都县'),(1964,215,'市辖区'),(1965,215,'四子王旗'),(1966,215,'兴和县'),(1967,215,'卓资县'),(1968,216,'阿巴嘎旗'),(1969,216,'东乌珠穆沁旗'),(1970,216,'多伦县'),(1971,216,'二连浩特市'),(1972,216,'苏尼特右旗'),(1973,216,'苏尼特左旗'),(1974,216,'太仆寺旗'),(1975,216,'西乌珠穆沁旗'),(1976,216,'锡林浩特市'),(1977,216,'镶黄旗'),(1978,216,'正蓝旗'),(1979,216,'正镶白旗'),(1980,217,'阿尔山市'),(1981,217,'科尔沁右翼前旗'),(1982,217,'科尔沁右翼中旗'),(1983,217,'突泉县'),(1984,217,'乌兰浩特市'),(1985,217,'扎赉特旗'),(1986,218,'隆德县'),(1987,218,'彭阳县'),(1988,218,'市辖区'),(1989,218,'西吉县'),(1990,218,'原州区'),(1991,218,'泾源县'),(1992,219,'大武口区'),(1993,219,'惠农区'),(1994,219,'平罗县'),(1995,219,'市辖区'),(1996,220,'利通区'),(1997,220,'青铜峡市'),(1998,220,'市辖区'),(1999,220,'同心县'),(2000,220,'盐池县'),(2001,221,'贺兰县'),(2002,221,'金凤区'),(2003,221,'灵武市'),(2004,221,'市辖区'),(2005,221,'西夏区'),(2006,221,'兴庆区'),(2007,221,'永宁县'),(2008,222,'海原县'),(2009,222,'沙坡头区'),(2010,222,'市辖区'),(2011,222,'中宁县'),(2012,223,'班玛县'),(2013,223,'达日县'),(2014,223,'甘德县'),(2015,223,'久治县'),(2016,223,'玛多县'),(2017,223,'玛沁县'),(2018,224,'刚察县'),(2019,224,'海晏县'),(2020,224,'门源回族自治县'),(2021,224,'祁连县'),(2022,225,'互助土族自治县'),(2023,225,'化隆回族自治县'),(2024,225,'乐都县'),(2025,225,'民和回族土族自治县'),(2026,225,'平安县'),(2027,225,'循化撒拉族自治县'),(2028,226,'共和县'),(2029,226,'贵德县'),(2030,226,'贵南县'),(2031,226,'同德县'),(2032,226,'兴海县'),(2033,227,'大柴旦'),(2034,227,'德令哈市'),(2035,227,'都兰县'),(2036,227,'格尔木市'),(2037,227,'冷湖'),(2038,227,'芒崖'),(2039,227,'天峻县'),(2040,227,'乌兰县'),(2041,228,'河南蒙古族自治县'),(2042,228,'尖扎县'),(2043,228,'同仁县'),(2044,228,'泽库县'),(2045,229,'城北区'),(2046,229,'城东区'),(2047,229,'城西区'),(2048,229,'城中区'),(2049,229,'大通回族土族自治县'),(2050,229,'市辖区'),(2051,229,'湟源县'),(2052,229,'湟中县'),(2053,230,'称多县'),(2054,230,'囊谦县'),(2055,230,'曲麻莱县'),(2056,230,'玉树县'),(2057,230,'杂多县'),(2058,230,'治多县'),(2059,231,'滨城区'),(2060,231,'博兴县'),(2061,231,'惠民县'),(2062,231,'市辖区'),(2063,231,'无棣县'),(2064,231,'阳信县'),(2065,231,'沾化县'),(2066,231,'邹平县'),(2067,232,'德城区'),(2068,232,'乐陵市'),(2069,232,'临邑县'),(2070,232,'陵县'),(2071,232,'宁津县'),(2072,232,'平原县'),(2073,232,'齐河县'),(2074,232,'庆云县'),(2075,232,'市辖区'),(2076,232,'武城县'),(2077,232,'夏津县'),(2078,232,'禹城市'),(2079,233,'东营区'),(2080,233,'广饶县'),(2081,233,'河口区'),(2082,233,'垦利县'),(2083,233,'利津县'),(2084,233,'市辖区'),(2085,234,'曹县'),(2086,234,'成武县'),(2087,234,'单县'),(2088,234,'定陶县'),(2089,234,'东明县'),(2090,234,'巨野县'),(2091,234,'牡丹区'),(2092,234,'市辖区'),(2093,234,'郓城县'),(2094,234,'鄄城县'),(2095,235,'长清区'),(2096,235,'槐荫区'),(2097,235,'济阳县'),(2098,235,'历城区'),(2099,235,'历下区'),(2100,235,'平阴县'),(2101,235,'商河县'),(2102,235,'市辖区'),(2103,235,'市中区'),(2104,235,'天桥区'),(2105,235,'章丘市'),(2106,236,'嘉祥县'),(2107,236,'金乡县'),(2108,236,'梁山县'),(2109,236,'曲阜市'),(2110,236,'任城区'),(2111,236,'市辖区'),(2112,236,'市中区'),(2113,236,'微山县'),(2114,236,'鱼台县'),(2115,236,'邹城市'),(2116,236,'兖州市'),(2117,236,'汶上县'),(2118,236,'泗水县'),(2119,237,'钢城区'),(2120,237,'莱城区'),(2121,237,'市辖区'),(2122,238,'东阿县'),(2123,238,'东昌府区'),(2124,238,'高唐县'),(2125,238,'冠县'),(2126,238,'临清市'),(2127,238,'市辖区'),(2128,238,'阳谷县'),(2129,238,'茌平县'),(2130,238,'莘县'),(2131,239,'苍山县'),(2132,239,'费县'),(2133,239,'河东区'),(2134,239,'兰山区'),(2135,239,'临沭县'),(2136,239,'罗庄区'),(2137,239,'蒙阴县'),(2138,239,'平邑县'),(2139,239,'市辖区'),(2140,239,'沂南县'),(2141,239,'沂水县'),(2142,239,'郯城县'),(2143,239,'莒南县'),(2144,240,'城阳区'),(2145,240,'黄岛区'),(2146,240,'即墨市'),(2147,240,'胶南市'),(2148,240,'胶州市'),(2149,240,'莱西市'),(2150,240,'李沧区'),(2151,240,'平度市'),(2152,240,'市北区'),(2153,240,'市南区'),(2154,240,'市辖区'),(2155,240,'四方区'),(2156,240,'崂山区'),(2157,241,'东港区'),(2158,241,'市辖区'),(2159,241,'五莲县'),(2160,241,'莒县'),(2161,241,'岚山区'),(2162,242,'东平县'),(2163,242,'肥城市'),(2164,242,'宁阳县'),(2165,242,'市辖区'),(2166,242,'泰山区'),(2167,242,'新泰市'),(2168,242,'岱岳区'),(2169,243,'环翠区'),(2170,243,'荣成市'),(2171,243,'乳山市'),(2172,243,'市辖区'),(2173,243,'文登市'),(2174,244,'安丘市'),(2175,244,'昌乐县'),(2176,244,'昌邑市'),(2177,244,'坊子区'),(2178,244,'高密市'),(2179,244,'寒亭区'),(2180,244,'奎文区'),(2181,244,'临朐县'),(2182,244,'青州市'),(2183,244,'市辖区'),(2184,244,'寿光市'),(2185,244,'潍城区'),(2186,244,'诸城市'),(2187,245,'长岛县'),(2188,245,'福山区'),(2189,245,'海阳市'),(2190,245,'莱山区'),(2191,245,'莱阳市'),(2192,245,'莱州市'),(2193,245,'龙口市'),(2194,245,'牟平区'),(2195,245,'蓬莱市'),(2196,245,'栖霞市'),(2197,245,'市辖区'),(2198,245,'招远市'),(2199,245,'芝罘区'),(2200,246,'山亭区'),(2201,246,'市辖区'),(2202,246,'市中区'),(2203,246,'台儿庄区'),(2204,246,'薛城区'),(2205,246,'峄城区'),(2206,246,'滕州市'),(2207,247,'博山区'),(2208,247,'高青县'),(2209,247,'桓台县'),(2210,247,'临淄区'),(2211,247,'市辖区'),(2212,247,'沂源县'),(2213,247,'张店区'),(2214,247,'周村区'),(2215,247,'淄川区'),(2216,248,'长治县'),(2217,248,'长子县'),(2218,248,'城区'),(2219,248,'壶关县'),(2220,248,'郊区'),(2221,248,'黎城县'),(2222,248,'潞城市'),(2223,248,'平顺县'),(2224,248,'沁县'),(2225,248,'沁源县'),(2226,248,'市辖区'),(2227,248,'屯留县'),(2228,248,'武乡县'),(2229,248,'襄垣县'),(2230,249,'城区'),(2231,249,'大同县'),(2232,249,'广灵县'),(2233,249,'浑源县'),(2234,249,'矿区'),(2235,249,'灵丘县'),(2236,249,'南郊区'),(2237,249,'市辖区'),(2238,249,'天镇县'),(2239,249,'新荣区'),(2240,249,'阳高县'),(2241,249,'左云县'),(2242,250,'城区'),(2243,250,'高平市'),(2244,250,'陵川县'),(2245,250,'沁水县'),(2246,250,'市辖区'),(2247,250,'阳城县'),(2248,250,'泽州县'),(2249,251,'和顺县'),(2250,251,'介休市'),(2251,251,'灵石县'),(2252,251,'平遥县'),(2253,251,'祁县'),(2254,251,'市辖区'),(2255,251,'寿阳县'),(2256,251,'太谷县'),(2257,251,'昔阳县'),(2258,251,'榆次区'),(2259,251,'榆社县'),(2260,251,'左权县'),(2261,252,'安泽县'),(2262,252,'大宁县'),(2263,252,'汾西县'),(2264,252,'浮山县'),(2265,252,'古县'),(2266,252,'洪洞县'),(2267,252,'侯马市'),(2268,252,'霍州市'),(2269,252,'吉县'),(2270,252,'蒲县'),(2271,252,'曲沃县'),(2272,252,'市辖区'),(2273,252,'襄汾县'),(2274,252,'乡宁县'),(2275,252,'尧都区'),(2276,252,'翼城县'),(2277,252,'永和县'),(2278,252,'隰县'),(2279,253,'方山县'),(2280,253,'汾阳市'),(2281,253,'交城县'),(2282,253,'交口县'),(2283,253,'离石区'),(2284,253,'临县'),(2285,253,'柳林县'),(2286,253,'石楼县'),(2287,253,'市辖区'),(2288,253,'文水县'),(2289,253,'孝义市'),(2290,253,'兴县'),(2291,253,'中阳县'),(2292,253,'岚县'),(2293,254,'怀仁县'),(2294,254,'平鲁区'),(2295,254,'山阴县'),(2296,254,'市辖区'),(2297,254,'朔城区'),(2298,254,'应县'),(2299,254,'右玉县'),(2300,255,'古交市'),(2301,255,'尖草坪区'),(2302,255,'晋源区'),(2303,255,'娄烦县'),(2304,255,'清徐县'),(2305,255,'市辖区'),(2306,255,'万柏林区'),(2307,255,'小店区'),(2308,255,'杏花岭区'),(2309,255,'阳曲县'),(2310,255,'迎泽区'),(2311,256,'保德县'),(2312,256,'代县'),(2313,256,'定襄县'),(2314,256,'繁峙县'),(2315,256,'河曲县'),(2316,256,'静乐县'),(2317,256,'宁武县'),(2318,256,'偏关县'),(2319,256,'神池县'),(2320,256,'市辖区'),(2321,256,'五台县'),(2322,256,'五寨县'),(2323,256,'忻府区'),(2324,256,'原平市'),(2325,256,'岢岚县'),(2326,257,'城区'),(2327,257,'郊区'),(2328,257,'矿区'),(2329,257,'平定县'),(2330,257,'市辖区'),(2331,257,'盂县'),(2332,258,'河津市'),(2333,258,'临猗县'),(2334,258,'平陆县'),(2335,258,'市辖区'),(2336,258,'万荣县'),(2337,258,'闻喜县'),(2338,258,'夏县'),(2339,258,'新绛县'),(2340,258,'盐湖区'),(2341,258,'永济市'),(2342,258,'垣曲县'),(2343,258,'芮城县'),(2344,258,'绛县'),(2345,258,'稷山县'),(2346,259,'白河县'),(2347,259,'汉滨区'),(2348,259,'汉阴县'),(2349,259,'宁陕县'),(2350,259,'平利县'),(2351,259,'石泉县'),(2352,259,'市辖区'),(2353,259,'旬阳县'),(2354,259,'镇坪县'),(2355,259,'紫阳县'),(2356,259,'岚皋县'),(2357,260,'陈仓区'),(2358,260,'凤县'),(2359,260,'凤翔县'),(2360,260,'扶风县'),(2361,260,'金台区'),(2362,260,'陇县'),(2363,260,'眉县'),(2364,260,'千阳县'),(2365,260,'市辖区'),(2366,260,'太白县'),(2367,260,'渭滨区'),(2368,260,'岐山县'),(2369,260,'麟游县'),(2370,261,'城固县'),(2371,261,'佛坪县'),(2372,261,'汉台区'),(2373,261,'留坝县'),(2374,261,'略阳县'),(2375,261,'勉县'),(2376,261,'南郑县'),(2377,261,'宁强县'),(2378,261,'市辖区'),(2379,261,'西乡县'),(2380,261,'洋县'),(2381,261,'镇巴县'),(2382,262,'丹凤县'),(2383,262,'洛南县'),(2384,262,'山阳县'),(2385,262,'商南县'),(2386,262,'商州区'),(2387,262,'市辖区'),(2388,262,'镇安县'),(2389,262,'柞水县'),(2390,263,'市辖区'),(2391,263,'王益区'),(2392,263,'耀州区'),(2393,263,'宜君县'),(2394,263,'印台区'),(2395,264,'白水县'),(2396,264,'澄城县'),(2397,264,'大荔县'),(2398,264,'富平县'),(2399,264,'韩城市'),(2400,264,'合阳县'),(2401,264,'华县'),(2402,264,'华阴市'),(2403,264,'临渭区'),(2404,264,'蒲城县'),(2405,264,'市辖区'),(2406,264,'潼关县'),(2407,265,'碑林区'),(2408,265,'长安区'),(2409,265,'高陵县'),(2410,265,'户县'),(2411,265,'蓝田县'),(2412,265,'莲湖区'),(2413,265,'临潼区'),(2414,265,'市辖区'),(2415,265,'未央区'),(2416,265,'新城区'),(2417,265,'阎良区'),(2418,265,'雁塔区'),(2419,265,'周至县'),(2420,265,'灞桥区'),(2421,266,'彬县'),(2422,266,'长武县'),(2423,266,'淳化县'),(2424,266,'礼泉县'),(2425,266,'乾县'),(2426,266,'秦都区'),(2427,266,'三原县'),(2428,266,'市辖区'),(2429,266,'渭城区'),(2430,266,'武功县'),(2431,266,'兴平市'),(2432,266,'旬邑县'),(2433,266,'杨凌区'),(2434,266,'永寿县'),(2435,266,'泾阳县'),(2436,267,'安塞县'),(2437,267,'宝塔区'),(2438,267,'富县'),(2439,267,'甘泉县'),(2440,267,'黄陵县'),(2441,267,'黄龙县'),(2442,267,'洛川县'),(2443,267,'市辖区'),(2444,267,'吴起县'),(2445,267,'延长县'),(2446,267,'延川县'),(2447,267,'宜川县'),(2448,267,'志丹县'),(2449,267,'子长县'),(2450,268,'定边县'),(2451,268,'府谷县'),(2452,268,'横山县'),(2453,268,'佳县'),(2454,268,'靖边县'),(2455,268,'米脂县'),(2456,268,'清涧县'),(2457,268,'神木县'),(2458,268,'市辖区'),(2459,268,'绥德县'),(2460,268,'吴堡县'),(2461,268,'榆阳区'),(2462,268,'子洲县'),(2463,269,'宝山区'),(2464,269,'长宁区'),(2465,269,'奉贤区'),(2466,269,'虹口区'),(2467,269,'黄浦区'),(2468,269,'嘉定区'),(2469,269,'金山区'),(2470,269,'静安区'),(2471,269,'卢湾区'),(2472,269,'南汇区'),(2473,269,'普陀区'),(2474,269,'浦东新区'),(2475,269,'青浦区'),(2476,269,'松江区'),(2477,269,'徐汇区'),(2478,269,'杨浦区'),(2479,269,'闸北区'),(2480,269,'闵行区'),(2481,270,'崇明县'),(2482,271,'阿坝县'),(2483,271,'黑水县'),(2484,271,'红原县'),(2485,271,'金川县'),(2486,271,'九寨沟县'),(2487,271,'理县'),(2488,271,'马尔康县'),(2489,271,'茂县'),(2490,271,'壤塘县'),(2491,271,'若尔盖县'),(2492,271,'松潘县'),(2493,271,'小金县'),(2494,271,'汶川县'),(2495,272,'巴州区'),(2496,272,'南江县'),(2497,272,'平昌县'),(2498,272,'市辖区'),(2499,272,'通江县'),(2500,273,'成华区'),(2501,273,'崇州市'),(2502,273,'大邑县'),(2503,273,'都江堰市'),(2504,273,'金牛区'),(2505,273,'金堂县'),(2506,273,'锦江区'),(2507,273,'龙泉驿区'),(2508,273,'彭州市'),(2509,273,'蒲江县'),(2510,273,'青白江区'),(2511,273,'青羊区'),(2512,273,'市辖区'),(2513,273,'双流县'),(2514,273,'温江区'),(2515,273,'武侯区'),(2516,273,'新都区'),(2517,273,'新津县'),(2518,273,'邛崃市'),(2519,273,'郫县'),(2520,274,'达县'),(2521,274,'大竹县'),(2522,274,'开江县'),(2523,274,'渠县'),(2524,274,'市辖区'),(2525,274,'通川区'),(2526,274,'万源市'),(2527,274,'宣汉县'),(2528,275,'广汉市'),(2529,275,'罗江县'),(2530,275,'绵竹市'),(2531,275,'什邡市'),(2532,275,'市辖区'),(2533,275,'中江县'),(2534,275,'旌阳区'),(2535,276,'巴塘县'),(2536,276,'白玉县'),(2537,276,'丹巴县'),(2538,276,'稻城县'),(2539,276,'道孚县'),(2540,276,'德格县'),(2541,276,'得荣县'),(2542,276,'甘孜县'),(2543,276,'九龙县'),(2544,276,'康定县'),(2545,276,'理塘县'),(2546,276,'炉霍县'),(2547,276,'色达县'),(2548,276,'石渠县'),(2549,276,'乡城县'),(2550,276,'新龙县'),(2551,276,'雅江县'),(2552,276,'泸定县'),(2553,277,'广安区'),(2554,277,'华蓥市'),(2555,277,'邻水县'),(2556,277,'市辖区'),(2557,277,'武胜县'),(2558,277,'岳池县'),(2559,278,'苍溪县'),(2560,278,'朝天区'),(2561,278,'剑阁县'),(2562,278,'青川县'),(2563,278,'市辖区'),(2564,278,'市中区'),(2565,278,'旺苍县'),(2566,278,'元坝区'),(2567,279,'峨边彝族自治县'),(2568,279,'峨眉山市'),(2569,279,'夹江县'),(2570,279,'金口河区'),(2571,279,'井研县'),(2572,279,'马边彝族自治县'),(2573,279,'沙湾区'),(2574,279,'市辖区'),(2575,279,'市中区'),(2576,279,'五通桥区'),(2577,279,'沐川县'),(2578,279,'犍为县'),(2579,280,'布拖县'),(2580,280,'德昌县'),(2581,280,'甘洛县'),(2582,280,'会东县'),(2583,280,'会理县'),(2584,280,'金阳县'),(2585,280,'雷波县'),(2586,280,'美姑县'),(2587,280,'冕宁县'),(2588,280,'木里藏族自治县'),(2589,280,'宁南县'),(2590,280,'普格县'),(2591,280,'西昌市'),(2592,280,'喜德县'),(2593,280,'盐源县'),(2594,280,'越西县'),(2595,280,'昭觉县'),(2596,281,'丹棱县'),(2597,281,'东坡区'),(2598,281,'洪雅县'),(2599,281,'彭山县'),(2600,281,'青神县'),(2601,281,'仁寿县'),(2602,281,'市辖区'),(2603,282,'安县'),(2604,282,'北川羌族自治县'),(2605,282,'涪城区'),(2606,282,'江油市'),(2607,282,'平武县'),(2608,282,'三台县'),(2609,282,'市辖区'),(2610,282,'盐亭县'),(2611,282,'游仙区'),(2612,282,'梓潼县'),(2613,283,'高坪区'),(2614,283,'嘉陵区'),(2615,283,'南部县'),(2616,283,'蓬安县'),(2617,283,'市辖区'),(2618,283,'顺庆区'),(2619,283,'西充县'),(2620,283,'仪陇县'),(2621,283,'营山县'),(2622,283,'阆中市'),(2623,284,'东兴区'),(2624,284,'隆昌县'),(2625,284,'市辖区'),(2626,284,'市中区'),(2627,284,'威远县'),(2628,284,'资中县'),(2629,285,'东区'),(2630,285,'米易县'),(2631,285,'仁和区'),(2632,285,'市辖区'),(2633,285,'西区'),(2634,285,'盐边县'),(2635,286,'安居区'),(2636,286,'船山区'),(2637,286,'大英县'),(2638,286,'蓬溪县'),(2639,286,'射洪县'),(2640,286,'市辖区'),(2641,287,'宝兴县'),(2642,287,'汉源县'),(2643,287,'芦山县'),(2644,287,'名山县'),(2645,287,'石棉县'),(2646,287,'市辖区'),(2647,287,'天全县'),(2648,287,'雨城区'),(2649,287,'荥经县'),(2650,288,'长宁县'),(2651,288,'翠屏区'),(2652,288,'高县'),(2653,288,'江安县'),(2654,288,'南溪县'),(2655,288,'屏山县'),(2656,288,'市辖区'),(2657,288,'兴文县'),(2658,288,'宜宾县'),(2659,288,'珙县'),(2660,288,'筠连县'),(2661,289,'安岳县'),(2662,289,'简阳市'),(2663,289,'乐至县'),(2664,289,'市辖区'),(2665,289,'雁江区'),(2666,290,'大安区'),(2667,290,'富顺县'),(2668,290,'贡井区'),(2669,290,'荣县'),(2670,290,'市辖区'),(2671,290,'沿滩区'),(2672,290,'自流井区'),(2673,291,'古蔺县'),(2674,291,'合江县'),(2675,291,'江阳区'),(2676,291,'龙马潭区'),(2677,291,'纳溪区'),(2678,291,'市辖区'),(2679,291,'叙永县'),(2680,291,'泸县'),(2681,292,'宝坻区'),(2682,292,'北辰区'),(2683,292,'大港区'),(2684,292,'东丽区'),(2685,292,'汉沽区'),(2686,292,'和平区'),(2687,292,'河北区'),(2688,292,'河东区'),(2689,292,'河西区'),(2690,292,'红桥区'),(2691,292,'津南区'),(2692,292,'南开区'),(2693,292,'塘沽区'),(2694,292,'武清区'),(2695,292,'西青区'),(2696,293,'蓟县'),(2697,293,'静海县'),(2698,293,'宁河县'),(2699,294,'措勤县'),(2700,294,'噶尔县'),(2701,294,'改则县'),(2702,294,'革吉县'),(2703,294,'普兰县'),(2704,294,'日土县'),(2705,294,'札达县'),(2706,295,'八宿县'),(2707,295,'边坝县'),(2708,295,'察雅县'),(2709,295,'昌都县'),(2710,295,'丁青县'),(2711,295,'贡觉县'),(2712,295,'江达县'),(2713,295,'类乌齐县'),(2714,295,'洛隆县'),(2715,295,'芒康县'),(2716,295,'左贡县'),(2717,296,'城关区'),(2718,296,'达孜县'),(2719,296,'当雄县'),(2720,296,'堆龙德庆县'),(2721,296,'林周县'),(2722,296,'墨竹工卡县'),(2723,296,'尼木县'),(2724,296,'曲水县'),(2725,296,'市辖区'),(2726,297,'波密县'),(2727,297,'察隅县'),(2728,297,'工布江达县'),(2729,297,'朗县'),(2730,297,'林芝县'),(2731,297,'米林县'),(2732,297,'墨脱县'),(2733,298,'安多县'),(2734,298,'巴青县'),(2735,298,'班戈县'),(2736,298,'比如县'),(2737,298,'嘉黎县'),(2738,298,'那曲县'),(2739,298,'尼玛县'),(2740,298,'聂荣县'),(2741,298,'申扎县'),(2742,298,'索县'),(2743,299,'昂仁县'),(2744,299,'白朗县'),(2745,299,'定结县'),(2746,299,'定日县'),(2747,299,'岗巴县'),(2748,299,'吉隆县'),(2749,299,'江孜县'),(2750,299,'康马县'),(2751,299,'拉孜县'),(2752,299,'南木林县'),(2753,299,'聂拉木县'),(2754,299,'仁布县'),(2755,299,'日喀则市'),(2756,299,'萨嘎县'),(2757,299,'萨迦县'),(2758,299,'谢通门县'),(2759,299,'亚东县'),(2760,299,'仲巴县'),(2761,300,'措美县'),(2762,300,'错那县'),(2763,300,'贡嘎县'),(2764,300,'加查县'),(2765,300,'浪卡子县'),(2766,300,'隆子县'),(2767,300,'洛扎县'),(2768,300,'乃东县'),(2769,300,'琼结县'),(2770,300,'曲松县'),(2771,300,'桑日县'),(2772,300,'扎囊县'),(2773,301,'阿克苏市'),(2774,301,'阿瓦提县'),(2775,301,'拜城县'),(2776,301,'柯坪县'),(2777,301,'库车县'),(2778,301,'沙雅县'),(2779,301,'温宿县'),(2780,301,'乌什县'),(2781,301,'新和县'),(2782,302,'阿勒泰市'),(2783,302,'布尔津县'),(2784,302,'福海县'),(2785,302,'富蕴县'),(2786,302,'哈巴河县'),(2787,302,'吉木乃县'),(2788,302,'青河县'),(2789,303,'博湖县'),(2790,303,'和静县'),(2791,303,'和硕县'),(2792,303,'库尔勒市'),(2793,303,'轮台县'),(2794,303,'且末县'),(2795,303,'若羌县'),(2796,303,'尉犁县'),(2797,303,'焉耆回族自治县'),(2798,304,'博乐市'),(2799,304,'精河县'),(2800,304,'温泉县'),(2801,305,'昌吉市'),(2802,305,'阜康市'),(2803,305,'呼图壁县'),(2804,305,'吉木萨尔县'),(2805,305,'玛纳斯县'),(2806,305,'米泉市'),(2807,305,'木垒哈萨克自治县'),(2808,305,'奇台县'),(2809,306,'巴里坤哈萨克自治县'),(2810,306,'哈密市'),(2811,306,'伊吾县'),(2812,307,'策勒县'),(2813,307,'和田市'),(2814,307,'和田县'),(2815,307,'洛浦县'),(2816,307,'民丰县'),(2817,307,'墨玉县'),(2818,307,'皮山县'),(2819,307,'于田县'),(2820,308,'巴楚县'),(2821,308,'喀什市'),(2822,308,'麦盖提县'),(2823,308,'莎车县'),(2824,308,'疏附县'),(2825,308,'疏勒县'),(2826,308,'塔什库尔干塔吉克自治县'),(2827,308,'叶城县'),(2828,308,'英吉沙县'),(2829,308,'岳普湖县'),(2830,308,'泽普县'),(2831,308,'伽师县'),(2832,309,'白碱滩区'),(2833,309,'独山子区'),(2834,309,'克拉玛依区'),(2835,309,'市辖区'),(2836,309,'乌尔禾区'),(2837,310,'阿合奇县'),(2838,310,'阿克陶县'),(2839,310,'阿图什市'),(2840,310,'乌恰县'),(2841,311,'阿拉尔市'),(2842,311,'石河子市'),(2843,311,'图木舒克市'),(2844,311,'五家渠市'),(2845,313,'额敏县'),(2846,313,'和布克赛尔蒙古自治县'),(2847,313,'沙湾县'),(2848,313,'塔城市'),(2849,313,'托里县'),(2850,313,'乌苏市'),(2851,313,'裕民县'),(2852,314,'吐鲁番市'),(2853,314,'托克逊县'),(2854,314,'鄯善县'),(2855,315,'达坂城区'),(2856,315,'东山区'),(2857,315,'沙依巴克区'),(2858,315,'市辖区'),(2859,315,'水磨沟区'),(2860,315,'天山区'),(2861,315,'头屯河区'),(2862,315,'乌鲁木齐县'),(2863,315,'新市区'),(2864,316,'察布查尔锡伯自治县'),(2865,316,'巩留县'),(2866,316,'霍城县'),(2867,316,'奎屯市'),(2868,316,'尼勒克县'),(2869,316,'特克斯县'),(2870,316,'新源县'),(2871,316,'伊宁市'),(2872,316,'伊宁县'),(2873,316,'昭苏县'),(2874,317,'昌宁县'),(2875,317,'龙陵县'),(2876,317,'隆阳区'),(2877,317,'施甸县'),(2878,317,'市辖区'),(2879,317,'腾冲县'),(2880,318,'楚雄市'),(2881,318,'大姚县'),(2882,318,'禄丰县'),(2883,318,'牟定县'),(2884,318,'南华县'),(2885,318,'双柏县'),(2886,318,'武定县'),(2887,318,'姚安县'),(2888,318,'永仁县'),(2889,318,'元谋县'),(2890,319,'宾川县'),(2891,319,'大理市'),(2892,319,'洱源县'),(2893,319,'鹤庆县'),(2894,319,'剑川县'),(2895,319,'弥渡县'),(2896,319,'南涧彝族自治县'),(2897,319,'巍山彝族回族自治县'),(2898,319,'祥云县'),(2899,319,'漾濞彝族自治县'),(2900,319,'永平县'),(2901,319,'云龙县'),(2902,320,'梁河县'),(2903,320,'陇川县'),(2904,320,'潞西市'),(2905,320,'瑞丽市'),(2906,320,'盈江县'),(2907,321,'德钦县'),(2908,321,'维西傈僳族自治县'),(2909,321,'香格里拉县'),(2910,322,'个旧市'),(2911,322,'河口瑶族自治县'),(2912,322,'红河县'),(2913,322,'建水县'),(2914,322,'金平苗族瑶族傣族自治县'),(2915,322,'开远市'),(2916,322,'绿春县'),(2917,322,'蒙自县'),(2918,322,'弥勒县'),(2919,322,'屏边苗族自治县'),(2920,322,'石屏县'),(2921,322,'元阳县'),(2922,322,'泸西县'),(2923,323,'安宁市'),(2924,323,'呈贡县'),(2925,323,'东川区'),(2926,323,'富民县'),(2927,323,'官渡区'),(2928,323,'晋宁县'),(2929,323,'禄劝彝族苗族自治县'),(2930,323,'盘龙区'),(2931,323,'石林彝族自治县'),(2932,323,'市辖区'),(2933,323,'五华区'),(2934,323,'西山区'),(2935,323,'寻甸回族彝族自治县'),(2936,323,'宜良县'),(2937,323,'嵩明县'),(2938,324,'古城区'),(2939,324,'华坪县'),(2940,324,'宁蒗彝族自治县'),(2941,324,'市辖区'),(2942,324,'永胜县'),(2943,324,'玉龙纳西族自治县'),(2944,325,'沧源佤族自治县'),(2945,325,'凤庆县'),(2946,325,'耿马傣族佤族自治县'),(2947,325,'临翔区'),(2948,325,'市辖区'),(2949,325,'双江拉祜族佤族布朗族傣族自治县'),(2950,325,'永德县'),(2951,325,'云县'),(2952,325,'镇康县'),(2953,326,'福贡县'),(2954,326,'贡山独龙族怒族自治县'),(2955,326,'兰坪白族普米族自治县'),(2956,326,'泸水县'),(2957,327,'富源县'),(2958,327,'会泽县'),(2959,327,'陆良县'),(2960,327,'罗平县'),(2961,327,'马龙县'),(2962,327,'师宗县'),(2963,327,'市辖区'),(2964,327,'宣威市'),(2965,327,'沾益县'),(2966,327,'麒麟区'),(2967,328,'翠云区'),(2968,328,'江城哈尼族彝族自治县'),(2969,328,'景东彝族自治县'),(2970,328,'景谷傣族彝族自治县'),(2971,328,'澜沧拉祜族自治县'),(2972,328,'孟连傣族拉祜族佤族自治县'),(2973,328,'墨江哈尼族自治县'),(2974,328,'普洱哈尼族彝族自治县'),(2975,328,'市辖区'),(2976,328,'西盟佤族自治县'),(2977,328,'镇沅彝族哈尼族拉祜族自治县'),(2978,329,'富宁县'),(2979,329,'广南县'),(2980,329,'麻栗坡县'),(2981,329,'马关县'),(2982,329,'丘北县'),(2983,329,'文山县'),(2984,329,'西畴县'),(2985,329,'砚山县'),(2986,330,'景洪市'),(2987,330,'勐海县'),(2988,330,'勐腊县'),(2989,331,'澄江县'),(2990,331,'峨山彝族自治县'),(2991,331,'红塔区'),(2992,331,'华宁县'),(2993,331,'江川县'),(2994,331,'市辖区'),(2995,331,'通海县'),(2996,331,'新平彝族傣族自治县'),(2997,331,'易门县'),(2998,331,'元江哈尼族彝族傣族自治县'),(2999,332,'大关县'),(3000,332,'鲁甸县'),(3001,332,'巧家县'),(3002,332,'市辖区'),(3003,332,'水富县'),(3004,332,'绥江县'),(3005,332,'威信县'),(3006,332,'盐津县'),(3007,332,'彝良县'),(3008,332,'永善县'),(3009,332,'昭阳区'),(3010,332,'镇雄县'),(3011,333,'滨江区'),(3012,333,'淳安县'),(3013,333,'富阳市'),(3014,333,'拱墅区'),(3015,333,'建德市'),(3016,333,'江干区'),(3017,333,'临安市'),(3018,333,'上城区'),(3019,333,'市辖区'),(3020,333,'桐庐县'),(3021,333,'西湖区'),(3022,333,'下城区'),(3023,333,'萧山区'),(3024,333,'余杭区'),(3025,334,'安吉县'),(3026,334,'长兴县'),(3027,334,'德清县'),(3028,334,'南浔区'),(3029,334,'市辖区'),(3030,334,'吴兴区'),(3031,335,'海宁市'),(3032,335,'海盐县'),(3033,335,'嘉善县'),(3034,335,'平湖市'),(3035,335,'市辖区'),(3036,335,'桐乡市'),(3037,335,'秀城区'),(3038,335,'秀洲区'),(3039,336,'东阳市'),(3040,336,'金东区'),(3041,336,'兰溪市'),(3042,336,'磐安县'),(3043,336,'浦江县'),(3044,336,'市辖区'),(3045,336,'武义县'),(3046,336,'义乌市'),(3047,336,'永康市'),(3048,336,'婺城区'),(3049,337,'景宁畲族自治县'),(3050,337,'莲都区'),(3051,337,'龙泉市'),(3052,337,'青田县'),(3053,337,'庆元县'),(3054,337,'市辖区'),(3055,337,'松阳县'),(3056,337,'遂昌县'),(3057,337,'云和县'),(3058,337,'缙云县'),(3059,338,'北仑区'),(3060,338,'慈溪市'),(3061,338,'奉化市'),(3062,338,'海曙区'),(3063,338,'江北区'),(3064,338,'江东区'),(3065,338,'宁海县'),(3066,338,'市辖区'),(3067,338,'象山县'),(3068,338,'余姚市'),(3069,338,'镇海区'),(3070,338,'鄞州区'),(3071,339,'上虞市'),(3072,339,'绍兴县'),(3073,339,'市辖区'),(3074,339,'新昌县'),(3075,339,'越城区'),(3076,339,'诸暨市'),(3077,339,'嵊州市'),(3078,340,'黄岩区'),(3079,340,'椒江区'),(3080,340,'临海市'),(3081,340,'路桥区'),(3082,340,'三门县'),(3083,340,'市辖区'),(3084,340,'天台县'),(3085,340,'温岭市'),(3086,340,'仙居县'),(3087,340,'玉环县'),(3088,341,'苍南县'),(3089,341,'洞头县'),(3090,341,'乐清市'),(3091,341,'龙湾区'),(3092,341,'鹿城区'),(3093,341,'平阳县'),(3094,341,'瑞安市'),(3095,341,'市辖区'),(3096,341,'泰顺县'),(3097,341,'文成县'),(3098,341,'永嘉县'),(3099,341,'瓯海区'),(3100,342,'定海区'),(3101,342,'普陀区'),(3102,342,'市辖区'),(3103,342,'岱山县'),(3104,342,'嵊泗县'),(3105,343,'常山县'),(3106,343,'江山市'),(3107,343,'开化县'),(3108,343,'柯城区'),(3109,343,'龙游县'),(3110,343,'市辖区'),(3111,343,'衢江区'),(3112,344,'巴南区'),(3113,344,'北碚区'),(3114,344,'长寿区'),(3115,344,'大渡口区'),(3116,344,'涪陵区'),(3117,344,'合川区'),(3118,344,'江北区'),(3119,344,'江津区'),(3120,344,'九龙坡区'),(3121,344,'南岸区'),(3122,344,'南川区'),(3123,344,'黔江区'),(3124,344,'沙坪坝区'),(3125,344,'双桥区'),(3126,344,'万盛区'),(3127,344,'万州区'),(3128,344,'永川区'),(3129,344,'渝北区'),(3130,344,'渝中区'),(3131,345,'城口县'),(3132,345,'大足县'),(3133,345,'垫江县'),(3134,345,'丰都县'),(3135,345,'奉节县'),(3136,345,'开县'),(3137,345,'梁平县'),(3138,345,'彭水苗族土家族自治县'),(3139,345,'荣昌县'),(3140,345,'石柱土家族自治县'),(3141,345,'铜梁县'),(3142,345,'巫山县'),(3143,345,'巫溪县'),(3144,345,'武隆县'),(3145,345,'秀山土家族苗族自治县'),(3146,345,'酉阳土家族苗族自治县'),(3147,345,'云阳县'),(3148,345,'忠县'),(3149,345,'潼南县'),(3150,345,'璧山县'),(3151,345,'綦江县'),(3152,346,'中西区'),(3153,346,'东区'),(3154,346,'南区'),(3155,346,'湾仔区'),(3156,347,'九龙城区'),(3157,347,'观塘区'),(3158,347,'深水埗区'),(3159,347,'黄大仙区'),(3160,347,'油尖旺区'),(3161,348,'离岛区'),(3162,348,'葵青区'),(3163,348,'北区'),(3164,348,'西贡区'),(3165,348,'沙田区'),(3166,348,'大埔区'),(3167,348,'荃湾区'),(3168,348,'屯门区'),(3169,348,'元朗区'),(3170,349,'花地玛堂区（北区）'),(3171,349,'圣安多尼堂区（花王堂区）'),(3172,349,'大堂区（主教座堂堂区）'),(3173,349,'望德堂区'),(3174,349,'风顺堂区'),(3175,350,'嘉模堂区（凼仔）'),(3176,350,'圣方济各堂区（路环）'),(3177,351,'路氹填海区'),(3178,352,'台北市'),(3179,352,'高雄市'),(3180,353,'基隆市'),(3181,353,'台中市'),(3182,353,'新竹市'),(3183,353,'台南市'),(3184,353,'嘉义市'),(3185,354,'台北县 '),(3186,354,'桃园县 '),(3187,354,'新竹县 '),(3188,354,'苗栗县 '),(3189,354,'台中县 '),(3190,354,'彰化县 '),(3191,354,'南投县 '),(3192,354,'云林县 '),(3193,354,'嘉义县 '),(3194,354,'台南县 '),(3195,354,'高雄县 '),(3196,354,'屏东县 '),(3197,354,'宜兰县 '),(3198,354,'花莲县 '),(3199,354,'台东县 '),(3200,354,'澎湖县 ');

/*Table structure for table `t_china_province` */

DROP TABLE IF EXISTS `t_china_province`;

CREATE TABLE `t_china_province` (
  `id` int(10) unsigned NOT NULL AUTO_INCREMENT,
  `province` varchar(64) NOT NULL COMMENT '省或者直辖市名',
  PRIMARY KEY (`id`)
) ENGINE=InnoDB AUTO_INCREMENT=35 DEFAULT CHARSET=utf8 COMMENT='中国省份表';

/*Data for the table `t_china_province` */

insert  into `t_china_province`(`id`,`province`) values (1,'安徽省'),(2,'北京市'),(3,'福建省'),(4,'甘肃省'),(5,'广东省'),(6,'广西壮族自治区'),(7,'贵州省'),(8,'海南省'),(9,'河北省'),(10,'河南省'),(11,'黑龙江省'),(12,'湖北省'),(13,'湖南省'),(14,'吉林省'),(15,'江苏省'),(16,'江西省'),(17,'辽宁省'),(18,'内蒙古自治区'),(19,'宁夏回族自治区'),(20,'青海省'),(21,'山东省'),(22,'山西省'),(23,'陕西省'),(24,'上海市'),(25,'四川省'),(26,'天津市'),(27,'西藏自治区'),(28,'新疆维吾尔自治区'),(29,'云南省'),(30,'浙江省'),(31,'重庆市'),(32,'香港特别行政区'),(33,'澳门特别行政区'),(34,'台湾省');

/*Table structure for table `t_ctrltype` */

DROP TABLE IF EXISTS `t_ctrltype`;

CREATE TABLE `t_ctrltype` (
  `id` int(10) unsigned NOT NULL AUTO_INCREMENT,
  `typeId` int(11) NOT NULL COMMENT '控制类型',
  `typeKey` varchar(32) NOT NULL,
  `typeName` varchar(64) NOT NULL,
  `reserve2` varchar(255) DEFAULT NULL,
  `reserve1` varchar(255) DEFAULT NULL,
  PRIMARY KEY (`id`),
  UNIQUE KEY `typeId_UNIQUE` (`typeId`)
) ENGINE=InnoDB AUTO_INCREMENT=82 DEFAULT CHARSET=utf8 COMMENT='控制类型表';

/*Data for the table `t_ctrltype` */

insert  into `t_ctrltype`(`id`,`typeId`,`typeKey`,`typeName`,`reserve2`,`reserve1`) values (1,1,'cut_1_LightOnOff','灯光开闭',NULL,NULL),(2,2,'cut_1_LightDimmer','灯光调光',NULL,NULL),(3,3,'cut_1_LightFault','灯具故障',NULL,NULL),(4,4,'cut_1_LightCurrent','灯具电流',NULL,NULL),(10,10,'cut_2_CurtainRightLeft','窗帘左右开闭',NULL,NULL),(11,11,'cut_2_CurtainUpDown','窗帘上下开闭',NULL,NULL),(12,12,'cut_2_CurtainStop','窗帘停止',NULL,NULL),(13,13,'cut_2_CurtainAngle','窗帘角度调节',NULL,NULL),(14,14,'cut_2_CurtainDistance','窗帘定位',NULL,NULL),(15,15,'cut_2_CurtainUp','窗帘上移',NULL,NULL),(16,16,'cut_2_CurtainDown','窗帘下移',NULL,NULL),(17,17,'cut_2_CurtainLeft','窗帘左移',NULL,NULL),(18,18,'cut_2_CurtainRight','窗帘右移',NULL,NULL),(30,30,'cut_3_AcWindSpeedLow','空调低风速',NULL,NULL),(31,31,'cut_3_AcWindSpeedMid','空调中风速',NULL,NULL),(32,32,'cut_3_AcWindSpeedHigh','空调高风速',NULL,NULL),(33,33,'cut_3_AcModeCool','空调制冷模式',NULL,NULL),(34,34,'cut_3_AcModeHeat','空调制热模式',NULL,NULL),(35,35,'cut_3_AcModeAuto','空调自动模式',NULL,NULL),(36,36,'cut_3_AcModeWind','空调通风模式',NULL,NULL),(37,37,'cut_3_AcModeDry','空调除湿模式',NULL,NULL),(38,38,'cut_3_AcModeComfort','空调舒适模式',NULL,NULL),(39,39,'cut_3_AcModeSleep','空调睡眠模式',NULL,NULL),(40,40,'cut_3_AcModeEcon','空调节能模式',NULL,NULL),(41,41,'cut_3_AcOnOff','空调开闭',NULL,NULL),(42,42,'cut_3_AcTempretrue','空调调温',NULL,NULL),(43,43,'cut_3_AcTempCool','空调制冷调温',NULL,NULL),(44,44,'cut_3_AcTempHeat','空调制热调温',NULL,NULL),(45,45,'cut_3_AcWindSpeedLMH','空调风速(高中低)',NULL,NULL),(60,60,'cut_4_SecurityWindow','门窗感应',NULL,NULL),(61,61,'cut_4_SecurityInf','红外感应',NULL,NULL),(62,62,'cut_4_SecuritySmoke','烟雾感应',NULL,NULL),(63,63,'cut_4_SecurityGas','煤气感应',NULL,NULL),(64,64,'cut_4_SecurityOn','布防',NULL,NULL),(65,65,'cut_4_SecurityOff','撤防',NULL,NULL),(66,66,'cut_4_SecurityOnOff','布防撤防',NULL,NULL),(67,67,'cur_4_SecurityTemp','温度计',NULL,NULL),(68,68,'cur_4_SecurityHumidity','湿度计',NULL,NULL),(69,69,'cur_4_SecurityCo2','CO2计',NULL,NULL),(80,80,'cut_6_ThreaterInfra','红外控制',NULL,NULL),(81,81,'cut_6_ThreaterSerial','串口控制',NULL,NULL);

/*Table structure for table `t_ctrlunit` */

DROP TABLE IF EXISTS `t_ctrlunit`;

CREATE TABLE `t_ctrlunit` (
  `id` int(10) unsigned NOT NULL AUTO_INCREMENT,
  `ctrlType` int(10) unsigned NOT NULL COMMENT '控制类型',
  `device` int(10) unsigned DEFAULT NULL COMMENT '相关设备',
  `reserve1` varchar(255) DEFAULT NULL,
  `reserve2` varchar(255) DEFAULT NULL,
  PRIMARY KEY (`id`),
  KEY `FK_ctrl_type_unit` (`ctrlType`),
  KEY `FK_ctrlunit_device` (`device`),
  KEY `FKA3C4E1DA7644FE8C` (`ctrlType`),
  KEY `FKA3C4E1DAF3C79B6E` (`device`),
  CONSTRAINT `FKA3C4E1DA7644FE8C` FOREIGN KEY (`ctrlType`) REFERENCES `t_ctrltype` (`id`),
  CONSTRAINT `FKA3C4E1DAF3C79B6E` FOREIGN KEY (`device`) REFERENCES `t_device` (`id`),
  CONSTRAINT `FK_ctrlunit_device` FOREIGN KEY (`device`) REFERENCES `t_device` (`id`),
  CONSTRAINT `FK_ctrl_type_unit` FOREIGN KEY (`ctrlType`) REFERENCES `t_ctrltype` (`id`)
) ENGINE=InnoDB AUTO_INCREMENT=120 DEFAULT CHARSET=utf8 COMMENT='控制单元表';

/*Data for the table `t_ctrlunit` */

insert  into `t_ctrlunit`(`id`,`ctrlType`,`device`,`reserve1`,`reserve2`) values (47,1,72,NULL,NULL),(48,1,73,NULL,NULL),(49,1,74,NULL,NULL),(50,1,75,NULL,NULL),(51,1,76,NULL,NULL),(52,1,77,NULL,NULL),(53,1,78,NULL,NULL),(54,1,79,NULL,NULL),(55,1,80,NULL,NULL),(56,1,81,NULL,NULL),(57,1,83,NULL,NULL),(58,1,84,NULL,NULL),(60,1,86,NULL,NULL),(61,1,87,NULL,NULL),(62,1,88,NULL,NULL),(63,1,89,NULL,NULL),(64,1,90,NULL,NULL),(66,1,92,NULL,NULL),(67,1,93,NULL,NULL),(68,1,96,NULL,NULL),(69,1,97,NULL,NULL),(70,2,97,NULL,NULL),(77,1,100,NULL,NULL),(84,2,103,NULL,NULL),(85,1,104,NULL,NULL),(86,1,105,NULL,NULL),(87,1,106,NULL,NULL),(90,1,109,NULL,NULL),(91,1,110,NULL,NULL),(92,2,111,NULL,NULL),(93,11,112,NULL,NULL),(98,11,116,NULL,NULL),(99,12,116,NULL,NULL),(100,14,116,NULL,NULL),(108,2,122,NULL,NULL),(109,11,124,NULL,NULL),(110,12,124,NULL,NULL),(111,11,125,NULL,NULL),(112,12,125,NULL,NULL),(113,11,126,NULL,NULL),(114,12,126,NULL,NULL),(115,1,132,NULL,NULL),(116,33,133,NULL,NULL),(117,34,133,NULL,NULL),(118,60,134,NULL,NULL),(119,1,138,NULL,NULL);

/*Table structure for table `t_data_point` */

DROP TABLE IF EXISTS `t_data_point`;

CREATE TABLE `t_data_point` (
  `id` int(11) NOT NULL AUTO_INCREMENT,
  `device` int(11) NOT NULL,
  `ctrltype` int(11) NOT NULL,
  `datatype` int(11) NOT NULL,
  `grouptype` int(11) NOT NULL,
  `value` varchar(255) DEFAULT NULL,
  `reserve1` varchar(255) DEFAULT NULL,
  `reserve2` varchar(255) DEFAULT NULL,
  PRIMARY KEY (`id`)
) ENGINE=InnoDB AUTO_INCREMENT=9 DEFAULT CHARSET=utf8;

/*Data for the table `t_data_point` */

insert  into `t_data_point`(`id`,`device`,`ctrltype`,`datatype`,`grouptype`,`value`,`reserve1`,`reserve2`) values (2,123,1,1,3,NULL,NULL,NULL),(3,129,1,1,3,'1',NULL,NULL),(4,130,1,1,3,NULL,NULL,NULL),(5,131,1,1,3,NULL,NULL,NULL),(6,139,1,1,3,NULL,NULL,NULL),(8,112,1,1,1,'1',NULL,NULL);

/*Table structure for table `t_datatype` */

DROP TABLE IF EXISTS `t_datatype`;

CREATE TABLE `t_datatype` (
  `id` int(10) unsigned NOT NULL AUTO_INCREMENT,
  `typeId` int(11) DEFAULT NULL,
  `dataType` varchar(255) NOT NULL COMMENT '数据类型名',
  `reserve1` varchar(255) DEFAULT NULL,
  `reserve2` varchar(255) DEFAULT NULL,
  PRIMARY KEY (`id`)
) ENGINE=InnoDB AUTO_INCREMENT=17 DEFAULT CHARSET=utf8 COMMENT='KNX数据类型表';

/*Data for the table `t_datatype` */

insert  into `t_datatype`(`id`,`typeId`,`dataType`,`reserve1`,`reserve2`) values (1,1,'Boolean',NULL,NULL),(2,2,'1-Bit Controlled',NULL,NULL),(3,3,'3-Bit Controlled',NULL,NULL),(4,4,'Character Set',NULL,NULL),(5,5,'8-Bit Unsigned Value',NULL,NULL),(6,6,'8-Bit Signed Value',NULL,NULL),(7,7,'2-Octet Unsigned Value',NULL,NULL),(8,8,'2-Octet Signed Value',NULL,NULL),(9,9,'2-Octet Float Value',NULL,NULL),(10,10,'Time',NULL,NULL),(11,11,'Date',NULL,NULL),(12,12,'4-Octet Unsigned Value',NULL,NULL),(13,13,'4-Octet Signed Value',NULL,NULL),(14,14,'4-Octet Float Value',NULL,NULL),(15,15,'Access',NULL,NULL),(16,16,'String',NULL,NULL);

/*Table structure for table `t_device` */

DROP TABLE IF EXISTS `t_device`;

CREATE TABLE `t_device` (
  `id` int(10) unsigned NOT NULL AUTO_INCREMENT,
  `deviceName` varchar(32) NOT NULL COMMENT '设备名',
  `description` varchar(64) DEFAULT NULL COMMENT '描述',
  `room` int(10) unsigned NOT NULL COMMENT '所属房间',
  `permission` int(10) unsigned NOT NULL COMMENT '所需权限',
  `deviceType` int(10) unsigned NOT NULL COMMENT '设备类型',
  `subType` tinyint(4) DEFAULT '0' COMMENT '小类,红外/串口',
  `gateway` int(10) unsigned DEFAULT '0' COMMENT '目标连接网关',
  `zone` tinyint(4) NOT NULL DEFAULT '0',
  `startRow` int(11) NOT NULL COMMENT '起始行数',
  `startColumn` int(11) NOT NULL COMMENT '起始列数',
  `rowCount` int(11) DEFAULT '1' COMMENT '所占行数',
  `columnCount` int(11) DEFAULT '1' COMMENT '所占列数',
  `reserve1` varchar(255) DEFAULT NULL,
  `reserve2` varchar(255) DEFAULT NULL,
  PRIMARY KEY (`id`),
  KEY `FK_devicetype` (`deviceType`),
  KEY `FK_gateway_device` (`gateway`),
  KEY `FK_room_device` (`room`),
  KEY `FK63E37081B4AF0606` (`gateway`),
  KEY `FK63E3708146FD52E2` (`deviceType`),
  KEY `FK63E37081924928F8` (`room`),
  CONSTRAINT `FK63E3708146FD52E2` FOREIGN KEY (`deviceType`) REFERENCES `t_devicetype` (`id`),
  CONSTRAINT `FK63E37081924928F8` FOREIGN KEY (`room`) REFERENCES `t_room` (`id`),
  CONSTRAINT `FK_devicetype` FOREIGN KEY (`deviceType`) REFERENCES `t_devicetype` (`id`),
  CONSTRAINT `FK_room_device` FOREIGN KEY (`room`) REFERENCES `t_room` (`id`)
) ENGINE=InnoDB AUTO_INCREMENT=142 DEFAULT CHARSET=utf8 COMMENT='设备表';

/*Data for the table `t_device` */

insert  into `t_device`(`id`,`deviceName`,`description`,`room`,`permission`,`deviceType`,`subType`,`gateway`,`zone`,`startRow`,`startColumn`,`rowCount`,`columnCount`,`reserve1`,`reserve2`) values (72,'灯',NULL,65,0,1,4,29,0,1,4,1,1,NULL,NULL),(73,'灯',NULL,67,0,1,4,29,0,1,3,1,1,NULL,NULL),(74,'灯',NULL,68,0,1,4,29,0,1,3,1,1,NULL,NULL),(75,'灯',NULL,68,0,1,4,29,0,3,4,1,1,NULL,NULL),(76,'灯',NULL,69,0,1,4,29,0,1,5,1,1,NULL,NULL),(77,'灯',NULL,66,0,1,4,29,0,1,5,1,1,NULL,NULL),(78,'空调',NULL,67,0,3,4,29,0,2,5,1,1,NULL,NULL),(79,'窗帘',NULL,67,0,2,4,29,0,3,2,1,1,NULL,NULL),(80,'窗帘',NULL,66,0,2,4,29,0,2,3,1,1,NULL,NULL),(81,'空调',NULL,66,0,3,4,29,0,3,6,1,1,NULL,NULL),(82,'家庭影院',NULL,68,0,6,1,0,0,2,6,1,1,NULL,NULL),(83,'窗帘',NULL,68,0,2,4,29,0,2,2,1,1,NULL,NULL),(84,'空调',NULL,68,0,3,4,29,0,1,5,1,1,NULL,NULL),(86,'jstelcom light1',NULL,70,0,1,4,30,0,0,3,1,1,NULL,NULL),(87,'light 2',NULL,70,0,1,4,30,0,1,5,1,1,NULL,NULL),(88,'测试用灯1',NULL,70,0,1,4,30,0,2,3,1,1,NULL,NULL),(89,'灯',NULL,74,0,1,4,31,0,1,2,1,1,NULL,NULL),(90,'灯2',NULL,74,0,1,4,31,0,1,5,1,1,NULL,NULL),(92,'床头灯',NULL,76,0,1,4,18,0,1,3,1,1,NULL,NULL),(93,'浴室灯',NULL,75,0,1,4,18,0,1,4,1,1,NULL,NULL),(94,'门眼监控',NULL,84,0,5,0,NULL,0,2,3,1,1,NULL,NULL),(95,'家庭影院',NULL,82,0,6,2,0,0,2,3,1,1,NULL,NULL),(96,'灯',NULL,89,0,1,4,34,0,0,1,1,1,NULL,NULL),(97,'卧室灯',NULL,95,0,1,4,33,0,0,1,1,1,NULL,NULL),(100,'客厅灯',NULL,95,0,1,4,33,0,0,2,1,1,NULL,NULL),(103,'灯',NULL,89,0,1,4,34,0,0,3,1,1,NULL,NULL),(104,'light',NULL,97,0,1,4,36,0,0,0,1,1,NULL,NULL),(105,'厨房灯',NULL,95,0,1,4,33,0,0,3,1,1,NULL,NULL),(106,'卫浴灯',NULL,95,0,1,4,33,0,0,4,1,1,NULL,NULL),(109,'卧室排风扇',NULL,95,0,1,4,33,0,1,2,1,1,NULL,NULL),(110,'卫浴排风扇',NULL,95,0,1,4,33,0,1,3,1,1,NULL,NULL),(111,'light-2',NULL,97,0,1,4,36,0,0,3,1,1,NULL,NULL),(112,'curtain',NULL,97,0,2,4,36,0,2,0,1,1,NULL,NULL),(116,'幕布',NULL,95,0,2,4,33,0,2,1,1,1,NULL,NULL),(120,'投影仪',NULL,95,0,6,3,0,0,3,5,1,1,NULL,NULL),(122,'场景面板',NULL,95,0,8,4,33,0,1,7,1,1,NULL,NULL),(123,'灯(1)',NULL,104,0,1,5,0,0,1,3,1,1,NULL,NULL),(124,'卧室窗帘',NULL,95,0,2,4,33,0,3,1,1,1,NULL,NULL),(125,'客厅窗帘',NULL,95,0,2,4,33,0,4,2,1,1,NULL,NULL),(126,'卫浴窗帘',NULL,95,0,2,4,33,0,3,3,1,1,NULL,NULL),(129,'test','fsdf',70,0,1,5,30,0,1,1,5,5,NULL,NULL),(130,'吊灯',NULL,114,0,1,5,0,0,1,5,1,1,NULL,NULL),(131,'dddd',NULL,114,0,1,5,0,0,0,2,1,1,NULL,NULL),(132,'light',NULL,98,0,1,4,36,0,0,0,1,1,NULL,NULL),(133,'air-condition',NULL,98,0,3,4,36,0,2,0,1,1,NULL,NULL),(134,'safe',NULL,98,0,4,4,36,0,4,0,1,1,NULL,NULL),(135,'door',NULL,98,0,5,0,NULL,0,4,6,1,1,NULL,NULL),(136,'家庭影院',NULL,106,0,6,1,0,0,3,1,1,1,NULL,NULL),(137,'背景音乐',NULL,106,0,7,0,0,1,5,1,1,1,NULL,NULL),(138,'庭院',NULL,106,0,8,4,36,0,4,3,1,1,NULL,NULL),(139,'tiansuTest家的客厅灯',NULL,115,0,1,5,0,0,1,2,1,1,NULL,NULL),(141,'test','',32,0,1,1,1,0,1,1,1,1,NULL,NULL);

/*Table structure for table `t_device_subtype` */

DROP TABLE IF EXISTS `t_device_subtype`;

CREATE TABLE `t_device_subtype` (
  `id` int(10) unsigned NOT NULL AUTO_INCREMENT,
  `typeId` int(10) NOT NULL COMMENT '设备子类型id',
  `typeKey` varchar(32) NOT NULL COMMENT '设备子类型key',
  `typeName` varchar(64) NOT NULL COMMENT '设备子类型名',
  `reserve1` varchar(255) DEFAULT NULL,
  `reserve2` varchar(255) DEFAULT NULL,
  PRIMARY KEY (`id`)
) ENGINE=InnoDB AUTO_INCREMENT=7 DEFAULT CHARSET=utf8 COMMENT='设备子类型表';

/*Data for the table `t_device_subtype` */

insert  into `t_device_subtype`(`id`,`typeId`,`typeKey`,`typeName`,`reserve1`,`reserve2`) values (1,1,'SUBTYPE_INFRARED','红外设备',NULL,NULL),(2,2,'SUBTYPE_SERIALS','指定串口设备',NULL,NULL),(3,3,'SUBTYPE_SERIALS_CUSTOM','自定义串口设备',NULL,NULL),(4,4,'SUBTYPE_KNX','KNX设备',NULL,NULL),(5,5,'SUBTYPE_ENOCEAN','EnOcean设备',NULL,NULL),(6,6,'SUBTYPE_ZIGBEE','Zigbee设备',NULL,NULL);

/*Table structure for table `t_devicetype` */

DROP TABLE IF EXISTS `t_devicetype`;

CREATE TABLE `t_devicetype` (
  `id` int(10) unsigned NOT NULL AUTO_INCREMENT,
  `deviceTypeId` int(11) NOT NULL COMMENT '设备类型号',
  `deviceTypeName` varchar(32) DEFAULT NULL COMMENT '设备类型名',
  `imgUrl` varchar(255) NOT NULL COMMENT '设备类型图标URL',
  `description` varchar(255) DEFAULT NULL,
  `reserve1` varchar(255) DEFAULT NULL,
  `reserve2` varchar(255) DEFAULT NULL,
  PRIMARY KEY (`id`)
) ENGINE=InnoDB AUTO_INCREMENT=9 DEFAULT CHARSET=utf8 COMMENT='设备类型表';

/*Data for the table `t_devicetype` */

insert  into `t_devicetype`(`id`,`deviceTypeId`,`deviceTypeName`,`imgUrl`,`description`,`reserve1`,`reserve2`) values (1,1,'灯','images/configure/equipment/lighting.png','照明',NULL,NULL),(2,2,'窗帘','images/configure/equipment/windowcurtains.png','窗帘',NULL,NULL),(3,3,'空调','images/configure/equipment/airconditioner.png','空调',NULL,NULL),(4,4,'安防','images/configure/equipment/security.png','安防',NULL,NULL),(5,5,'视频监控','images/configure/equipment/tvmonitor.png','视频',NULL,NULL),(6,6,'家庭影院','images/configure/equipment/familymovie.png','家庭影院',NULL,NULL),(7,7,'背景音乐','images/configure/equipment/backgroundmusic.png','背景音乐',NULL,NULL),(8,8,'庭院','images/configure/equipment/courtyard.png','庭院管理',NULL,NULL);

/*Table structure for table `t_enocean` */

DROP TABLE IF EXISTS `t_enocean`;

CREATE TABLE `t_enocean` (
  `id` int(10) unsigned NOT NULL AUTO_INCREMENT,
  `dataPoint` int(10) unsigned NOT NULL COMMENT '所属数据点',
  `enoceanId` varchar(32) NOT NULL COMMENT 'Enocean设备id，唯一',
  `choiceType` int(10) unsigned NOT NULL,
  `funcType` int(10) unsigned NOT NULL,
  `appType` int(10) unsigned NOT NULL,
  `rocker` tinyint(4) DEFAULT '1' COMMENT '仅对执行器：模拟面板的翘板号（1 or 2）',
  `autoLearned` tinyint(4) DEFAULT '0' COMMENT '是否支持自发现，0：不支持；1：支持。',
  `totalTime` tinyint(4) DEFAULT '0' COMMENT '仅对调光/调节类执行器:总调节时间',
  `totalSteps` tinyint(4) DEFAULT '0' COMMENT '仅对调光/调节类执行器:总步长数',
  `reserve1` varchar(255) DEFAULT NULL,
  `reserve2` varchar(255) DEFAULT NULL,
  PRIMARY KEY (`id`),
  KEY `FK_enocean_choice` (`choiceType`),
  KEY `FK_enocean_func` (`funcType`),
  KEY `FK_enocean_app` (`appType`),
  KEY `FK_enocean_datapoint` (`dataPoint`)
) ENGINE=InnoDB AUTO_INCREMENT=8 DEFAULT CHARSET=utf8 COMMENT='Enocean表';

/*Data for the table `t_enocean` */

insert  into `t_enocean`(`id`,`dataPoint`,`enoceanId`,`choiceType`,`funcType`,`appType`,`rocker`,`autoLearned`,`totalTime`,`totalSteps`,`reserve1`,`reserve2`) values (1,2,'0x0101889d',1,1,1,1,0,3,3,NULL,NULL),(2,3,'0x0101889d',1,1,1,1,0,0,0,NULL,NULL),(3,4,'0x0101889e',1,1,1,1,0,1,1,NULL,NULL),(4,5,'0x12345674',1,1,1,1,0,1,1,NULL,NULL),(5,6,'0x0101889d',1,1,1,1,0,1,1,NULL,NULL),(7,8,'1',1,1,1,1,0,3,3,NULL,NULL);

/*Table structure for table `t_enocean_apptype` */

DROP TABLE IF EXISTS `t_enocean_apptype`;

CREATE TABLE `t_enocean_apptype` (
  `id` int(11) NOT NULL AUTO_INCREMENT,
  `typeKey` varchar(32) NOT NULL,
  `typeValue` int(11) NOT NULL,
  `reserve1` varchar(255) DEFAULT NULL,
  PRIMARY KEY (`id`)
) ENGINE=InnoDB AUTO_INCREMENT=7 DEFAULT CHARSET=utf8;

/*Data for the table `t_enocean_apptype` */

insert  into `t_enocean_apptype`(`id`,`typeKey`,`typeValue`,`reserve1`) values (1,'TYPE_RPS_02_01',1,NULL),(2,'TYPE_RPS_02_02',2,NULL),(3,'TYPE_1BS_00_01',1,NULL),(4,'TYPE_4BS_08_01',1,NULL),(5,'TYPE_4BS_08_02',2,NULL),(6,'TYPE_4BS_08_03',3,NULL);

/*Table structure for table `t_enocean_choicetype` */

DROP TABLE IF EXISTS `t_enocean_choicetype`;

CREATE TABLE `t_enocean_choicetype` (
  `id` int(11) NOT NULL AUTO_INCREMENT,
  `typeKey` varchar(32) NOT NULL,
  `typeValue` int(11) NOT NULL,
  `reserve1` varchar(255) DEFAULT NULL,
  PRIMARY KEY (`id`)
) ENGINE=InnoDB AUTO_INCREMENT=6 DEFAULT CHARSET=utf8;

/*Data for the table `t_enocean_choicetype` */

insert  into `t_enocean_choicetype`(`id`,`typeKey`,`typeValue`,`reserve1`) values (1,'RORG_RPS',246,NULL),(2,'RORG_1BS',213,NULL),(3,'RORG_4BS',165,NULL),(4,'RORG_ADT',166,NULL),(5,'RORG_SIGNAL',208,NULL);

/*Table structure for table `t_enocean_functype` */

DROP TABLE IF EXISTS `t_enocean_functype`;

CREATE TABLE `t_enocean_functype` (
  `id` int(11) NOT NULL AUTO_INCREMENT,
  `typeKey` varchar(32) NOT NULL,
  `typeValue` int(11) NOT NULL,
  `reserve1` varchar(255) DEFAULT NULL,
  PRIMARY KEY (`id`)
) ENGINE=InnoDB AUTO_INCREMENT=20 DEFAULT CHARSET=utf8;

/*Data for the table `t_enocean_functype` */

insert  into `t_enocean_functype`(`id`,`typeKey`,`typeValue`,`reserve1`) values (1,'FUNC_RPS_ROCKER_SWITCH_2',2,NULL),(2,'FUNC_RPS_ROCKER_SWITCH_4',3,NULL),(3,'FUNC_RPS_POSITION_SWITCH_4',4,NULL),(4,'FUNC_1BS_CONTACTS_SWITCHES',0,NULL),(5,'FUNC_4BS_TEMPREATURE',2,NULL),(6,'FUNC_4BS_TEMPREATURE_HUMIDITY',4,NULL),(7,'FUNC_4BS_LIGHT',6,NULL),(8,'FUNC_4BS_OCCUPANCY',7,NULL),(9,'FUNC_4BS_LIGHT_TEMP_OCCUPANCY',8,NULL),(10,'FUNC_4BS_GAS',9,NULL),(11,'FUNC_4BS_ROOM_PANEL',16,NULL),(12,'FUNC_4BS_CONTROLLER_STATUS',17,NULL),(13,'FUNC_4BS_AMR',18,NULL),(14,'FUNC_4BS_ENVIRON_APP',19,NULL),(15,'FUNC_4BS_HVAC',32,NULL),(16,'FUNC_4BS_DIGITAL_INPUT',48,NULL),(17,'FUNC_4BS_ENERGY_MANAGEMENT',55,NULL),(18,'FUNC_4BS_CENTRAL_COMMAND',56,NULL),(19,'FUNC_4BS_UNIVERSAL',63,NULL);

/*Table structure for table `t_floor` */

DROP TABLE IF EXISTS `t_floor`;

CREATE TABLE `t_floor` (
  `id` int(10) unsigned NOT NULL AUTO_INCREMENT,
  `floorName` varchar(32) NOT NULL COMMENT '楼层名',
  `home` int(10) unsigned NOT NULL COMMENT '所属家庭',
  `reserve1` varchar(255) DEFAULT NULL,
  `reserve2` varchar(255) DEFAULT NULL,
  PRIMARY KEY (`id`),
  KEY `FK_home_floor` (`home`),
  KEY `FKA03F608192401100` (`home`),
  CONSTRAINT `FKA03F608192401100` FOREIGN KEY (`home`) REFERENCES `t_home` (`id`),
  CONSTRAINT `FK_home_floor` FOREIGN KEY (`home`) REFERENCES `t_home` (`id`)
) ENGINE=InnoDB AUTO_INCREMENT=25 DEFAULT CHARSET=utf8 COMMENT='楼层表';

/*Data for the table `t_floor` */

insert  into `t_floor`(`id`,`floorName`,`home`,`reserve1`,`reserve2`) values (3,'一楼',501,NULL,NULL),(4,'2楼',501,NULL,NULL),(8,'3楼',501,NULL,NULL),(10,'4楼',501,NULL,NULL),(12,'5楼',501,NULL,NULL),(13,'一楼',503,NULL,NULL),(14,'二楼',503,NULL,NULL),(15,'一楼',505,NULL,NULL),(16,'六楼',501,NULL,NULL),(17,'一楼',506,NULL,NULL),(18,'一楼',517,NULL,NULL),(19,'一楼',518,NULL,NULL),(20,'一楼',519,NULL,NULL),(21,'一楼',521,NULL,NULL),(22,'二楼',519,NULL,NULL),(23,'一楼',522,NULL,NULL),(24,'一楼',524,NULL,NULL);

/*Table structure for table `t_furniture` */

DROP TABLE IF EXISTS `t_furniture`;

CREATE TABLE `t_furniture` (
  `id` int(10) unsigned NOT NULL AUTO_INCREMENT,
  `furnitureName` varchar(0) NOT NULL COMMENT '家具名',
  `description` varchar(0) DEFAULT NULL COMMENT '描述',
  `room` int(10) unsigned NOT NULL COMMENT '所属房间',
  `furnitureType` int(10) unsigned NOT NULL COMMENT '家具类型',
  `startRow` int(11) NOT NULL COMMENT '起始行数',
  `startColumn` int(11) NOT NULL COMMENT '起始列数',
  `rowCount` int(11) DEFAULT '1' COMMENT '所占行数',
  `columnCount` int(11) DEFAULT '1' COMMENT '所占列数',
  `orientation` int(10) unsigned NOT NULL DEFAULT '0' COMMENT '朝向',
  `reserve1` varchar(255) DEFAULT NULL,
  `reserve2` varchar(255) DEFAULT NULL,
  PRIMARY KEY (`id`),
  KEY `FK_furnitureType` (`furnitureType`),
  KEY `FK_room_furniture` (`room`),
  KEY `FKFC4951E725E61F56` (`furnitureType`),
  KEY `FKFC4951E7924928F8` (`room`),
  CONSTRAINT `FKFC4951E725E61F56` FOREIGN KEY (`furnitureType`) REFERENCES `t_furnituretype` (`id`),
  CONSTRAINT `FKFC4951E7924928F8` FOREIGN KEY (`room`) REFERENCES `t_room` (`id`),
  CONSTRAINT `FK_furnitureType` FOREIGN KEY (`furnitureType`) REFERENCES `t_furnituretype` (`id`),
  CONSTRAINT `FK_room_furniture` FOREIGN KEY (`room`) REFERENCES `t_room` (`id`)
) ENGINE=InnoDB AUTO_INCREMENT=4 DEFAULT CHARSET=utf8 COMMENT='家具表';

/*Data for the table `t_furniture` */

insert  into `t_furniture`(`id`,`furnitureName`,`description`,`room`,`furnitureType`,`startRow`,`startColumn`,`rowCount`,`columnCount`,`orientation`,`reserve1`,`reserve2`) values (3,'','',114,2,2,3,1,1,0,NULL,NULL);

/*Table structure for table `t_furnituretype` */

DROP TABLE IF EXISTS `t_furnituretype`;

CREATE TABLE `t_furnituretype` (
  `id` int(10) unsigned NOT NULL AUTO_INCREMENT,
  `typeKey` varchar(32) NOT NULL COMMENT '家具类型名',
  `typeName` varchar(32) NOT NULL,
  `imgUrl` varchar(255) NOT NULL COMMENT '家具类型图标URL',
  `description` varchar(255) DEFAULT NULL,
  `reserve1` varchar(255) DEFAULT NULL,
  `reserve2` varchar(255) DEFAULT NULL,
  PRIMARY KEY (`id`)
) ENGINE=InnoDB AUTO_INCREMENT=8 DEFAULT CHARSET=utf8 COMMENT='家具类型表';

/*Data for the table `t_furnituretype` */

insert  into `t_furnituretype`(`id`,`typeKey`,`typeName`,`imgUrl`,`description`,`reserve1`,`reserve2`) values (1,'FURNITURE_SOFA','沙发','images/configure/equipment/sofa.jpg',NULL,NULL,NULL),(2,'FURNITURE_DESK','书桌','images/configure/equipment/booktable.jpg',NULL,NULL,NULL),(3,'FURNITURE_BED','床','images/configure/equipment/bed.jpg',NULL,NULL,NULL),(4,'FURNITURE_DINTABLE','餐桌','images/configure/equipment/dining_table.jpg',NULL,NULL,NULL),(5,'FURNITURE_BATHTUB','浴缸','images/configure/equipment/bath.jpg',NULL,NULL,NULL),(6,'FURNITURE_KITCHEN','灶具','images/configure/equipment/kitchen.jpg',NULL,NULL,NULL),(7,'FURNITURE_BALCONY','阳台','images/configure/equipment/balcony.jpg',NULL,NULL,NULL);

/*Table structure for table `t_gateway` */

DROP TABLE IF EXISTS `t_gateway`;

CREATE TABLE `t_gateway` (
  `id` int(10) unsigned NOT NULL AUTO_INCREMENT,
  `gatewayName` varchar(32) NOT NULL COMMENT '网关名',
  `gatewayIP` varchar(50) NOT NULL COMMENT '网关IP',
  `gatewayPort` int(11) NOT NULL COMMENT '网关端口',
  `description` varchar(255) DEFAULT NULL COMMENT '描述',
  `gatewayType` int(10) unsigned NOT NULL COMMENT '网关类型',
  `home` int(10) unsigned NOT NULL COMMENT '所属家庭',
  `reserve1` varchar(255) DEFAULT NULL,
  `reserve2` varchar(255) DEFAULT NULL,
  PRIMARY KEY (`id`),
  KEY `FK_gatewaytype` (`gatewayType`),
  KEY `FK_home_gateway` (`home`),
  KEY `FKB04C397992401100` (`home`),
  KEY `FKB04C39791A7DB17A` (`gatewayType`),
  CONSTRAINT `FKB04C39791A7DB17A` FOREIGN KEY (`gatewayType`) REFERENCES `t_gatewaytype` (`id`),
  CONSTRAINT `FKB04C397992401100` FOREIGN KEY (`home`) REFERENCES `t_home` (`id`),
  CONSTRAINT `FK_gatewaytype` FOREIGN KEY (`gatewayType`) REFERENCES `t_gatewaytype` (`id`),
  CONSTRAINT `FK_home_gateway` FOREIGN KEY (`home`) REFERENCES `t_home` (`id`)
) ENGINE=InnoDB AUTO_INCREMENT=38 DEFAULT CHARSET=utf8 COMMENT='网关表';

/*Data for the table `t_gateway` */

insert  into `t_gateway`(`id`,`gatewayName`,`gatewayIP`,`gatewayPort`,`description`,`gatewayType`,`home`,`reserve1`,`reserve2`) values (18,'','192.168.10.202',9734,NULL,1,501,NULL,NULL),(29,'','192.168.10.122',4567,NULL,1,503,NULL,NULL),(30,'','192.168.10.182',3671,NULL,1,505,NULL,NULL),(31,'','192.168.10.182',3671,NULL,1,506,NULL,NULL),(32,'','192.168.10.101',15678,NULL,1,517,NULL,NULL),(33,'','192.168.1.202',3671,NULL,1,518,NULL,NULL),(34,'','192.168.11.3',15678,NULL,1,517,NULL,NULL),(35,'','192.168.0.10',15678,NULL,1,517,NULL,NULL),(36,'','192.168.11.3',14678,NULL,1,519,NULL,NULL),(37,'','192.168.12.3',15678,NULL,1,519,NULL,NULL);

/*Table structure for table `t_gatewaytype` */

DROP TABLE IF EXISTS `t_gatewaytype`;

CREATE TABLE `t_gatewaytype` (
  `id` int(10) unsigned NOT NULL AUTO_INCREMENT,
  `gatewayType` varchar(32) NOT NULL COMMENT '网关类型名',
  `reserve1` varchar(255) DEFAULT NULL,
  `reserve2` varchar(255) DEFAULT NULL,
  PRIMARY KEY (`id`),
  UNIQUE KEY `gatewayType_UNIQUE` (`gatewayType`)
) ENGINE=InnoDB AUTO_INCREMENT=4 DEFAULT CHARSET=utf8 COMMENT='网关类型';

/*Data for the table `t_gatewaytype` */

insert  into `t_gatewaytype`(`id`,`gatewayType`,`reserve1`,`reserve2`) values (1,'KNX',NULL,NULL),(2,'WIFI',NULL,NULL),(3,'HOST',NULL,NULL);

/*Table structure for table `t_hardscene` */

DROP TABLE IF EXISTS `t_hardscene`;

CREATE TABLE `t_hardscene` (
  `id` int(10) unsigned NOT NULL AUTO_INCREMENT,
  `knxAddress` char(10) NOT NULL COMMENT '硬场景组地址',
  `knxvalue` int(11) NOT NULL COMMENT '硬场景值（0,1）',
  `description` varchar(255) DEFAULT NULL,
  `reserve1` varchar(255) DEFAULT NULL,
  `reserve2` varchar(255) DEFAULT NULL,
  PRIMARY KEY (`id`)
) ENGINE=InnoDB DEFAULT CHARSET=utf8 COMMENT='硬场景表';

/*Data for the table `t_hardscene` */

/*Table structure for table `t_home` */

DROP TABLE IF EXISTS `t_home`;

CREATE TABLE `t_home` (
  `id` int(10) unsigned NOT NULL AUTO_INCREMENT,
  `homeName` varchar(32) NOT NULL COMMENT '家庭名称',
  `province` smallint(5) unsigned NOT NULL,
  `city` smallint(5) unsigned NOT NULL,
  `district` smallint(5) unsigned NOT NULL,
  `address` varchar(255) NOT NULL COMMENT '家庭住址',
  `lastUpdateTime` datetime NOT NULL COMMENT '家庭设备上一次的更新时间',
  `maxUsers` int(11) NOT NULL DEFAULT '10' COMMENT '该家庭可支持的最大用户数',
  `services` int(10) unsigned NOT NULL COMMENT '开通的服务',
  `registerTime` datetime NOT NULL COMMENT '注册时间',
  `reserve1` varchar(255) DEFAULT NULL,
  `reserve2` varchar(255) DEFAULT NULL,
  PRIMARY KEY (`id`)
) ENGINE=InnoDB AUTO_INCREMENT=526 DEFAULT CHARSET=utf8 COMMENT='家庭';

/*Data for the table `t_home` */

insert  into `t_home`(`id`,`homeName`,`province`,`city`,`district`,`address`,`lastUpdateTime`,`maxUsers`,`services`,`registerTime`,`reserve1`,`reserve2`) values (1,'asdfa',6,68,510,'asdfasdf','2012-05-09 11:40:30',10,1,'2012-05-09 11:40:30',NULL,NULL),(501,'myhome',15,171,1562,'奥体大街69号新城科技园5栋3楼','2012-09-20 20:51:29',10,11,'2012-02-08 00:00:00',NULL,NULL),(502,'asdf',15,169,1543,'阿斯蒂芬','2012-05-09 11:40:49',10,1,'2012-05-09 11:40:49',NULL,NULL),(503,'song',15,171,1562,'奥体大街69号新城科技园','2012-08-21 00:00:00',10,1,'2012-08-21 00:00:00',NULL,NULL),(504,'sunzq',15,171,1562,'奥体大街','2012-08-22 19:22:35',10,1,'2012-08-22 19:22:35',NULL,NULL),(505,'tiansutest',15,171,1562,'奥体大街','2012-09-12 11:19:25',10,1,'2012-09-12 00:00:00',NULL,NULL),(506,'tiansutest2',15,171,1559,'奥体大街','2012-09-12 11:25:11',10,1,'2012-09-12 10:23:24',NULL,NULL),(517,'test',17,200,1827,'asdf','2012-09-19 16:39:28',4,1,'2012-09-17 19:55:10',NULL,NULL),(518,'LingTanHouse',24,269,2467,'黄浦江边','2012-09-20 01:53:59',10,1,'2012-09-18 16:41:03',NULL,NULL),(519,'mahoo',15,171,1571,'rtyuiop;lkjhgfdsaxcvbnm,.','2012-09-20 16:22:09',4,1,'2012-09-19 11:21:21',NULL,NULL),(521,'SiansuTest2',15,171,1559,'unknown','2012-09-19 21:36:30',10,1,'2012-09-19 19:23:22',NULL,NULL),(522,'u_test_userid_001',15,171,1559,'unknown','2012-09-20 14:40:51',10,1,'2012-09-20 14:27:48',NULL,NULL),(523,'SHCHome',24,269,2471,'浦东新区','2012-09-20 14:49:00',10,1,'2012-09-20 14:47:23',NULL,NULL),(524,'tiansuTest',15,171,1559,'unknown','2012-09-20 15:55:33',10,1,'2012-09-20 15:16:13',NULL,NULL),(525,'longlongago',17,205,1870,'longlongago','2012-09-21 10:09:16',10,1,'2012-09-20 19:50:49',NULL,NULL);

/*Table structure for table `t_jstelcom_user` */

DROP TABLE IF EXISTS `t_jstelcom_user`;

CREATE TABLE `t_jstelcom_user` (
  `id` int(10) unsigned NOT NULL AUTO_INCREMENT,
  `userid` varchar(32) NOT NULL,
  `deviceId` varchar(32) NOT NULL COMMENT '网关Id，相当于一个主机',
  `deviceSN` varchar(32) DEFAULT '' COMMENT '主机序列号',
  `homeId` int(10) NOT NULL,
  PRIMARY KEY (`id`),
  UNIQUE KEY `uniqueUserId` (`userid`)
) ENGINE=InnoDB AUTO_INCREMENT=13 DEFAULT CHARSET=utf8 COMMENT='江苏电信用户';

/*Data for the table `t_jstelcom_user` */

insert  into `t_jstelcom_user`(`id`,`userid`,`deviceId`,`deviceSN`,`homeId`) values (11,'u_test_userid_001','u_test_devid_001','null',522),(12,'tiansuTest','tiansu000001','null',524);

/*Table structure for table `t_keyfunction` */

DROP TABLE IF EXISTS `t_keyfunction`;

CREATE TABLE `t_keyfunction` (
  `id` int(10) unsigned NOT NULL AUTO_INCREMENT,
  `funcId` int(10) NOT NULL,
  `funcKey` varchar(32) NOT NULL,
  `funcName` varchar(32) NOT NULL COMMENT '功能类型名',
  `reserve1` varchar(255) DEFAULT NULL,
  `reserve2` varchar(255) DEFAULT NULL,
  PRIMARY KEY (`id`)
) ENGINE=InnoDB AUTO_INCREMENT=59 DEFAULT CHARSET=utf8 COMMENT='红外串口控制功能类型表';

/*Data for the table `t_keyfunction` */

insert  into `t_keyfunction`(`id`,`funcId`,`funcKey`,`funcName`,`reserve1`,`reserve2`) values (1,1,'KEY_OPEN','开',NULL,NULL),(2,2,'KEY_CLOSE','关',NULL,NULL),(3,3,'KEY_TUNEUP','音量调高',NULL,NULL),(4,4,'KEY_TUNEDOWN','音量调低',NULL,NULL),(5,5,'KEY_UP','上',NULL,NULL),(6,6,'KEY_DOWN','下',NULL,NULL),(7,7,'KEY_LEFT','左',NULL,NULL),(8,8,'KEY_RIGHT','右',NULL,NULL),(9,9,'KEY_OK','OK',NULL,NULL),(10,10,'KEY_BACK','返回',NULL,NULL),(11,11,'KEY_EXIT','退出',NULL,NULL),(12,12,'KEY_PREVIOUS','上一个',NULL,NULL),(13,13,'KEY_NEXT','下一个',NULL,NULL),(14,14,'KEY_MENU','菜单',NULL,NULL),(15,15,'KEY_MUTE','静音',NULL,NULL),(16,16,'KEY_PLAY','播放',NULL,NULL),(17,17,'KEY_PAUSE','暂停',NULL,NULL),(18,18,'KEY_STOP','停止',NULL,NULL),(19,19,'KEY_NUM','数字键0-9',NULL,NULL),(20,20,'KEY_SOURCE_MP3','输入源-MP3',NULL,NULL),(21,21,'KEY_SOURCE_TNR','输入源-TNR',NULL,NULL),(22,22,'KEY_SOURCE_DVD','输入源-DVD',NULL,NULL),(23,23,'KEY_SOURCE_PC','输入源-PC',NULL,NULL),(24,24,'KEY_SOURCE_PC2','输入源-PC2',NULL,NULL),(25,25,'KEY_SOURCE_TV','输入源-TV',NULL,NULL),(26,26,'KEY_SOURCE_AUX','输入源-AUX',NULL,NULL),(27,27,'KEY_SOURCE_IPOD','输入源-IPOD',NULL,NULL),(28,28,'KEY_SOURCE_AM','输入源-AM',NULL,NULL),(29,29,'KEY_SOURCE_FM','输入源-FM',NULL,NULL),(30,30,'KEY_SOURCE_DVI_HDMI','输入源-DVI/HDMI',NULL,NULL),(31,31,'KEY_SOURCE_HDMI','输入源-HDMI',NULL,NULL),(32,32,'KEY_SOURCE_VIDEO','输入源-VIDEO',NULL,NULL),(33,33,'KEY_SOURCE_S_VIDEO','输入源-S-VIDEO',NULL,NULL),(34,34,'KEY_SOURCE_BNC','输入源-BNC',NULL,NULL),(35,35,'KEY_FORWARD','快进',NULL,NULL),(36,36,'KEY_BACKWARD','快退',NULL,NULL),(37,37,'KEY_MODE1','模式1',NULL,NULL),(38,38,'KEY_MODE2','模式2',NULL,NULL),(39,39,'KEY_MODE3','模式3',NULL,NULL),(40,40,'KEY_MODE4','模式4',NULL,NULL),(41,41,'KEY_MODE5','模式5',NULL,NULL),(42,42,'KEY_MODE6','模式6',NULL,NULL),(43,43,'KEY_MODE7','模式7',NULL,NULL),(44,44,'KEY_MODE8','模式8',NULL,NULL),(45,45,'KEY_MODE9','模式9',NULL,NULL),(46,46,'KEY_MODE10','模式10',NULL,NULL),(47,47,'KEY_EQ_NORMAL','音效-标准',NULL,NULL),(48,48,'KEY_EQ_POP','音效-流行',NULL,NULL),(49,49,'KEY_EQ_SOFT','音效-轻音乐',NULL,NULL),(50,50,'KEY_EQ_CLASSIC','音效-古典',NULL,NULL),(51,51,'KEY_EQ_JAZZ','音效-爵士',NULL,NULL),(52,52,'KEY_EQ_METAL','音效-金属',NULL,NULL),(53,53,'KEY_TUNEUP_BASS','音量调高-低音',NULL,NULL),(54,54,'KEY_TUNEDOWN_BASS','音量调低-低音',NULL,NULL),(55,55,'KEY_TUNEUP_TREBLE','音量调高-高音',NULL,NULL),(56,56,'KEY_TUNEDOWN_TREBLE','音量调低-高音',NULL,NULL),(57,57,'KEY_CHANNEL_AM','频道选择-AM',NULL,NULL),(58,58,'KEY_CHANNEL_FM','频道选择-FM',NULL,NULL);

/*Table structure for table `t_keytype` */

DROP TABLE IF EXISTS `t_keytype`;

CREATE TABLE `t_keytype` (
  `id` int(10) unsigned NOT NULL AUTO_INCREMENT,
  `typeId` int(10) NOT NULL COMMENT '按键类型id',
  `typeKey` varchar(32) NOT NULL,
  `typeName` varchar(64) NOT NULL COMMENT '按键类型名',
  `reserve1` varchar(255) DEFAULT NULL,
  `reserve2` varchar(255) DEFAULT NULL,
  PRIMARY KEY (`id`)
) ENGINE=InnoDB AUTO_INCREMENT=57 DEFAULT CHARSET=utf8 COMMENT='按键类型表';

/*Data for the table `t_keytype` */

insert  into `t_keytype`(`id`,`typeId`,`typeKey`,`typeName`,`reserve1`,`reserve2`) values (18,1,'KEY_SMALL','小按键',NULL,NULL),(19,2,'KEY_NUMPAD','数字键盘',NULL,NULL),(20,3,'KEY_DIRECTIONPAD','方向键盘',NULL,NULL),(21,4,'KEY_NORMAL','普通按键',NULL,NULL),(22,5,'KEY_LARGE','大按键',NULL,NULL),(23,6,'KEY_PLAY','播放键',NULL,NULL),(24,7,'KEY_PAUSE','暂停键',NULL,NULL),(25,8,'KEY_FORWARD','快进键',NULL,NULL),(26,9,'KEY_BACKWARD','快退键',NULL,NULL),(42,10,'KEY_NUM_1','数字1键',NULL,NULL),(43,11,'KEY_NUM_2','数字2键',NULL,NULL),(44,12,'KEY_NUM_3','数字3键',NULL,NULL),(45,13,'KEY_NUM_4','数字4键',NULL,NULL),(46,14,'KEY_NUM_5','数字5键',NULL,NULL),(47,15,'KEY_NUM_6','数字6键',NULL,NULL),(48,16,'KEY_NUM_7','数字7键',NULL,NULL),(49,17,'KEY_NUM_8','数字8键',NULL,NULL),(50,18,'KEY_NUM_9','数字9键',NULL,NULL),(51,19,'KEY_NUM_0','数字0键',NULL,NULL),(52,20,'KEY_DIRECT_UP','方向上键',NULL,NULL),(53,21,'KEY_DIRECT_DOWN','方向下键',NULL,NULL),(54,22,'KEY_DIRECT_LEFT','方向左键',NULL,NULL),(55,23,'KEY_DIRECT_RIGHT','方向右键',NULL,NULL),(56,24,'KEY_DIRECT_OK','方向OK键',NULL,NULL);

/*Table structure for table `t_knx_group` */

DROP TABLE IF EXISTS `t_knx_group`;

CREATE TABLE `t_knx_group` (
  `id` int(10) unsigned NOT NULL AUTO_INCREMENT,
  `groupAddr` char(10) NOT NULL COMMENT 'KNX组地址',
  `dataType` int(10) unsigned NOT NULL COMMENT 'KNX数据类型',
  `grpType` int(10) unsigned NOT NULL COMMENT '组类型',
  `ctrlUnit` int(10) unsigned NOT NULL COMMENT '控制单元',
  `grpRights` int(10) unsigned NOT NULL,
  `maValue` int(11) NOT NULL COMMENT '最大值',
  `miValue` int(11) NOT NULL COMMENT '最小值',
  `reserve1` varchar(255) DEFAULT NULL,
  `reserve2` varchar(255) DEFAULT NULL,
  PRIMARY KEY (`id`),
  KEY `FK_group_ctrlunit` (`ctrlUnit`),
  KEY `FK_group_datatype` (`dataType`),
  KEY `FK_group_grouptype` (`grpType`),
  KEY `FK2E26C72A7177EA0A` (`dataType`),
  KEY `FK2E26C72A76459320` (`ctrlUnit`),
  KEY `FK2E26C72A5F052D25` (`grpType`),
  CONSTRAINT `FK2E26C72A5F052D25` FOREIGN KEY (`grpType`) REFERENCES `t_knx_grouptype` (`id`),
  CONSTRAINT `FK2E26C72A7177EA0A` FOREIGN KEY (`dataType`) REFERENCES `t_datatype` (`id`),
  CONSTRAINT `FK2E26C72A76459320` FOREIGN KEY (`ctrlUnit`) REFERENCES `t_ctrlunit` (`id`),
  CONSTRAINT `FK_group_ctrlunit` FOREIGN KEY (`ctrlUnit`) REFERENCES `t_ctrlunit` (`id`),
  CONSTRAINT `FK_group_datatype` FOREIGN KEY (`dataType`) REFERENCES `t_datatype` (`id`),
  CONSTRAINT `FK_group_grouptype` FOREIGN KEY (`grpType`) REFERENCES `t_knx_grouptype` (`id`)
) ENGINE=InnoDB AUTO_INCREMENT=138 DEFAULT CHARSET=utf8 COMMENT='KNX设备组';

/*Data for the table `t_knx_group` */

insert  into `t_knx_group`(`id`,`groupAddr`,`dataType`,`grpType`,`ctrlUnit`,`grpRights`,`maValue`,`miValue`,`reserve1`,`reserve2`) values (46,'2/3/4',1,1,47,0,1,0,NULL,NULL),(47,'3/2/1',1,1,48,0,1,0,NULL,NULL),(48,'1/2/4',1,1,49,0,1,0,NULL,NULL),(49,'1/2/5',1,1,50,0,1,0,NULL,NULL),(50,'1/2/6',1,1,51,0,1,0,NULL,NULL),(51,'1/2/8',1,1,52,0,1,0,NULL,NULL),(52,'3/2/4',1,1,53,0,1,0,NULL,NULL),(53,'5/1/2',1,1,54,0,1,0,NULL,NULL),(54,'5/1/3',1,1,55,0,1,0,NULL,NULL),(55,'5/1/4',1,1,56,0,1,0,NULL,NULL),(56,'5/2/3',1,1,57,0,1,0,NULL,NULL),(57,'5/2/4',1,1,58,0,1,0,NULL,NULL),(59,'1/1/1',1,1,60,0,1,0,NULL,NULL),(60,'1/1/2',1,1,61,0,1,0,NULL,NULL),(61,'1/1/3',1,1,62,0,1,0,NULL,NULL),(62,'1/2/1',1,1,63,0,1,0,NULL,NULL),(63,'1/2/2',1,1,64,0,1,0,NULL,NULL),(66,'1/0/2',1,1,66,0,1,0,NULL,NULL),(67,'1/0/12',1,2,66,0,1,0,NULL,NULL),(68,'1/0/4',1,1,67,0,1,0,NULL,NULL),(69,'1/0/14',1,2,67,0,1,0,NULL,NULL),(70,'0/2/0',1,1,68,0,1,0,NULL,NULL),(71,'0/3/0',1,2,68,0,1,0,NULL,NULL),(72,'0/0/1',1,1,69,0,1,0,NULL,NULL),(73,'0/0/7',1,2,69,0,1,0,NULL,NULL),(74,'1/2/3',5,1,70,0,255,0,NULL,NULL),(75,'1/2/4',5,2,70,0,255,0,NULL,NULL),(82,'0/0/2',1,1,77,0,1,0,NULL,NULL),(88,'0/2/2',5,1,84,0,255,0,NULL,NULL),(89,'0/3/1',5,2,84,0,255,0,NULL,NULL),(90,'0/2/0',1,1,85,0,1,0,NULL,NULL),(91,'0/3/0',1,2,85,0,1,0,NULL,NULL),(92,'0/0/8',1,2,77,0,1,0,NULL,NULL),(93,'0/0/3',1,1,86,0,1,0,NULL,NULL),(94,'0/0/9',1,2,86,0,1,0,NULL,NULL),(95,'0/0/4',1,1,87,0,1,0,NULL,NULL),(96,'0/0/10',1,2,87,0,1,0,NULL,NULL),(100,'0/0/5',1,1,90,0,1,0,NULL,NULL),(101,'0/0/11',1,2,90,0,1,0,NULL,NULL),(102,'0/0/6',1,1,91,0,1,0,NULL,NULL),(103,'0/0/12',1,2,91,0,1,0,NULL,NULL),(104,'0/2/2',5,1,92,0,255,0,NULL,NULL),(105,'0/3/1',5,2,92,0,255,0,NULL,NULL),(106,'0/2/13',1,1,93,0,1,0,NULL,NULL),(114,'0/0/20',1,1,98,0,1,0,NULL,NULL),(115,'0/0/14',1,1,99,0,1,0,NULL,NULL),(116,'0/0/32',5,2,100,0,255,0,NULL,NULL),(125,'0/0/13',5,1,108,0,255,0,NULL,NULL),(126,'0/0/38',1,1,109,0,1,0,NULL,NULL),(127,'0/0/39',1,1,110,0,1,0,NULL,NULL),(128,'0/0/46',1,1,111,0,1,0,NULL,NULL),(129,'0/0/45',1,1,112,0,1,0,NULL,NULL),(130,'0/0/55',1,1,113,0,1,0,NULL,NULL),(131,'0/0/56',1,1,114,0,1,0,NULL,NULL),(132,'1/1/1',1,1,115,0,1,0,NULL,NULL),(133,'1/1/2',1,2,115,0,1,0,NULL,NULL),(134,'2/2/2',1,1,116,0,1,0,NULL,NULL),(135,'2/2/3',1,1,117,0,1,0,NULL,NULL),(136,'3/3/3',1,1,118,0,1,0,NULL,NULL),(137,'4/4/4',1,1,119,0,1,0,NULL,NULL);

/*Table structure for table `t_knx_grouptype` */

DROP TABLE IF EXISTS `t_knx_grouptype`;

CREATE TABLE `t_knx_grouptype` (
  `id` int(10) unsigned NOT NULL AUTO_INCREMENT,
  `typeId` int(10) NOT NULL,
  `typeKey` varchar(32) NOT NULL COMMENT '组类型',
  `typeName` varchar(32) NOT NULL COMMENT '组类型名',
  `reserve1` varchar(255) DEFAULT NULL,
  `reserve2` varchar(255) DEFAULT NULL,
  PRIMARY KEY (`id`)
) ENGINE=InnoDB AUTO_INCREMENT=4 DEFAULT CHARSET=utf8 COMMENT='KNX组类型';

/*Data for the table `t_knx_grouptype` */

insert  into `t_knx_grouptype`(`id`,`typeId`,`typeKey`,`typeName`,`reserve1`,`reserve2`) values (1,1,'GROUP_TYPE_CONTROL','控制组',NULL,NULL),(2,2,'GROUP_TYPE_FEEDBACK','反馈组',NULL,NULL),(3,3,'GROUP_TYPE_BOTH','控制反馈组',NULL,NULL);

/*Table structure for table `t_permission` */

DROP TABLE IF EXISTS `t_permission`;

CREATE TABLE `t_permission` (
  `id` int(10) unsigned NOT NULL AUTO_INCREMENT,
  `permissionName` varchar(32) NOT NULL COMMENT '权限名',
  `reserve1` varchar(255) DEFAULT NULL,
  `reserve2` varchar(255) DEFAULT NULL,
  PRIMARY KEY (`id`)
) ENGINE=InnoDB DEFAULT CHARSET=utf8 COMMENT='权限表';

/*Data for the table `t_permission` */

/*Table structure for table `t_preload_protocol` */

DROP TABLE IF EXISTS `t_preload_protocol`;

CREATE TABLE `t_preload_protocol` (
  `id` int(10) unsigned NOT NULL AUTO_INCREMENT,
  `protoId` int(10) NOT NULL,
  `protoName` varchar(32) NOT NULL COMMENT '规约名',
  `protoFile` varchar(64) NOT NULL COMMENT '规约文件名',
  `reserve1` varchar(255) DEFAULT NULL,
  `reserve2` varchar(255) DEFAULT NULL,
  PRIMARY KEY (`id`)
) ENGINE=InnoDB AUTO_INCREMENT=7 DEFAULT CHARSET=utf8 COMMENT='预定义规约表';

/*Data for the table `t_preload_protocol` */

insert  into `t_preload_protocol`(`id`,`protoId`,`protoName`,`protoFile`,`reserve1`,`reserve2`) values (1,1,'Epson-ESC/VP21','libEpson_Esc_Vp21.so',NULL,NULL),(2,2,'Auxdio-8150','libAuxdio_8150.so',NULL,NULL),(3,3,'BackAudio-A61L','libBackaudio_A61L.so',NULL,NULL),(4,4,'Yodar-4028B','libYodar_4028B.so',NULL,NULL),(5,5,'安美AMTT-ISTV','libISTV.so',NULL,NULL),(6,6,'深圳蓝月-AQM1000','libAQM_1000.so',NULL,NULL);

/*Table structure for table `t_product` */

DROP TABLE IF EXISTS `t_product`;

CREATE TABLE `t_product` (
  `id` int(10) unsigned NOT NULL AUTO_INCREMENT,
  `name` varchar(64) NOT NULL COMMENT '完整产品名称，如TSHome-H1-100_01.01.01',
  `carrier` int(10) unsigned DEFAULT NULL COMMENT '所属运营商，NULL表示主版本',
  `releaseTime` datetime NOT NULL COMMENT '发布时间',
  `releaseNote` text NOT NULL COMMENT '更新日志',
  `md5` varchar(32) NOT NULL COMMENT '文件md5值',
  `mustUpdate` tinyint(1) DEFAULT '0' COMMENT '是否强制更新，默认：否',
  `downloadURL` varchar(512) DEFAULT NULL COMMENT '下载链接 (例如Apple store)',
  `reserve1` varchar(255) DEFAULT NULL,
  `reserve2` varchar(255) DEFAULT NULL,
  PRIMARY KEY (`id`),
  KEY `FK_product_carrier` (`carrier`),
  KEY `FKA91FC024D50376E` (`carrier`),
  CONSTRAINT `FKA91FC024D50376E` FOREIGN KEY (`carrier`) REFERENCES `t_carrier` (`id`),
  CONSTRAINT `FK_product_carrier` FOREIGN KEY (`carrier`) REFERENCES `t_carrier` (`id`)
) ENGINE=InnoDB AUTO_INCREMENT=9 DEFAULT CHARSET=utf8 COMMENT='产品表';

/*Data for the table `t_product` */

insert  into `t_product`(`id`,`name`,`carrier`,`releaseTime`,`releaseNote`,`md5`,`mustUpdate`,`downloadURL`,`reserve1`,`reserve2`) values (7,'TSHome-H1-100_1.1.0',0,'2012-09-20 11:42:55','1.1.0','29aa6dbd29f9c952e29235a954856df6',1,'','nimda',NULL),(8,'TSHome-H1-100_1.1.1',0,'2012-09-20 16:24:31','upload 1.1.1 config','767b79e4e1a3f34c94dc23ccf0f2cc68',0,'','nimda',NULL);

/*Table structure for table `t_ref_device_scene` */

DROP TABLE IF EXISTS `t_ref_device_scene`;

CREATE TABLE `t_ref_device_scene` (
  `id` int(10) unsigned NOT NULL AUTO_INCREMENT,
  `device` int(10) unsigned NOT NULL COMMENT '设备号',
  `scene` int(10) unsigned NOT NULL COMMENT '场景号',
  PRIMARY KEY (`id`),
  KEY `FK_ref_device` (`device`),
  KEY `FK_ref_scene` (`scene`),
  KEY `FK45BB51FAF3C79B6E` (`device`),
  KEY `FK45BB51FAB6ECF216` (`scene`),
  CONSTRAINT `FK45BB51FAB6ECF216` FOREIGN KEY (`scene`) REFERENCES `t_scene` (`id`),
  CONSTRAINT `FK45BB51FAF3C79B6E` FOREIGN KEY (`device`) REFERENCES `t_device` (`id`),
  CONSTRAINT `FK_ref_device` FOREIGN KEY (`device`) REFERENCES `t_device` (`id`),
  CONSTRAINT `FK_ref_scene` FOREIGN KEY (`scene`) REFERENCES `t_scene` (`id`)
) ENGINE=InnoDB DEFAULT CHARSET=utf8 COMMENT='场景和设备的关系表';

/*Data for the table `t_ref_device_scene` */

/*Table structure for table `t_ref_role_permission` */

DROP TABLE IF EXISTS `t_ref_role_permission`;

CREATE TABLE `t_ref_role_permission` (
  `id` int(10) unsigned NOT NULL AUTO_INCREMENT,
  `role` int(10) unsigned NOT NULL COMMENT '角色',
  `permission` int(10) unsigned NOT NULL COMMENT '权限',
  `reserve1` varchar(255) DEFAULT NULL,
  `reserve2` varchar(255) DEFAULT NULL,
  PRIMARY KEY (`id`),
  KEY `FK_ref_permission` (`permission`),
  KEY `FK_ref_role` (`role`),
  CONSTRAINT `FK_ref_permission` FOREIGN KEY (`permission`) REFERENCES `t_permission` (`id`),
  CONSTRAINT `FK_ref_role` FOREIGN KEY (`role`) REFERENCES `t_role` (`id`)
) ENGINE=InnoDB DEFAULT CHARSET=utf8 COMMENT='角色和权限的关系表';

/*Data for the table `t_ref_role_permission` */

/*Table structure for table `t_remotectrl` */

DROP TABLE IF EXISTS `t_remotectrl`;

CREATE TABLE `t_remotectrl` (
  `id` int(10) unsigned NOT NULL AUTO_INCREMENT,
  `device` int(10) unsigned NOT NULL COMMENT '设备ID',
  `channel` int(11) NOT NULL COMMENT '遥控器通道号',
  `totalRows` int(11) NOT NULL DEFAULT '10' COMMENT '总行数',
  `totalColumns` int(11) NOT NULL DEFAULT '10' COMMENT '总列数',
  `reserve1` varchar(255) DEFAULT NULL,
  `reserve2` varchar(255) DEFAULT NULL,
  PRIMARY KEY (`id`),
  KEY `FK_remotectrl_device` (`device`),
  KEY `FKFB756C5CF3C79B6E` (`device`),
  CONSTRAINT `FKFB756C5CF3C79B6E` FOREIGN KEY (`device`) REFERENCES `t_device` (`id`),
  CONSTRAINT `FK_remotectrl_device` FOREIGN KEY (`device`) REFERENCES `t_device` (`id`)
) ENGINE=InnoDB AUTO_INCREMENT=5 DEFAULT CHARSET=utf8 COMMENT='遥控器表';

/*Data for the table `t_remotectrl` */

insert  into `t_remotectrl`(`id`,`device`,`channel`,`totalRows`,`totalColumns`,`reserve1`,`reserve2`) values (3,82,2,0,0,NULL,NULL),(4,136,1,0,0,NULL,NULL);

/*Table structure for table `t_remotectrl_combo` */

DROP TABLE IF EXISTS `t_remotectrl_combo`;

CREATE TABLE `t_remotectrl_combo` (
  `id` int(10) unsigned NOT NULL AUTO_INCREMENT,
  `remotectrl` int(10) unsigned NOT NULL COMMENT 'Remote ctrl ID',
  `keyType` int(10) NOT NULL DEFAULT '0' COMMENT '组合键类型',
  `reserve1` varchar(255) DEFAULT NULL,
  `reserve2` varchar(255) DEFAULT NULL,
  `comboKeyId` int(11) DEFAULT NULL,
  PRIMARY KEY (`id`),
  KEY `FK_combo_remotectrl` (`remotectrl`),
  KEY `FK9B354BEB65F07D24` (`remotectrl`),
  CONSTRAINT `FK9B354BEB65F07D24` FOREIGN KEY (`remotectrl`) REFERENCES `t_remotectrl` (`id`),
  CONSTRAINT `FK_combo_remotectrl` FOREIGN KEY (`remotectrl`) REFERENCES `t_remotectrl` (`id`)
) ENGINE=InnoDB AUTO_INCREMENT=9 DEFAULT CHARSET=utf8 COMMENT='遥控组合键表';

/*Data for the table `t_remotectrl_combo` */

insert  into `t_remotectrl_combo`(`id`,`remotectrl`,`keyType`,`reserve1`,`reserve2`,`comboKeyId`) values (8,3,19,NULL,NULL,NULL);

/*Table structure for table `t_remotectrl_key` */

DROP TABLE IF EXISTS `t_remotectrl_key`;

CREATE TABLE `t_remotectrl_key` (
  `id` int(10) unsigned NOT NULL AUTO_INCREMENT,
  `remotectrlId` int(10) unsigned NOT NULL COMMENT '对应遥控器',
  `comboKeyId` int(10) unsigned DEFAULT NULL,
  `keyCode` int(11) NOT NULL COMMENT '按键唯一标记,用于学习',
  `study` int(11) NOT NULL DEFAULT '0' COMMENT '是否学习过',
  `keyName` varchar(32) NOT NULL COMMENT '该键名称',
  `keyType` int(11) NOT NULL DEFAULT '0',
  `keyFunction` int(10) NOT NULL DEFAULT '0' COMMENT '该键学习的功能',
  `startRow` int(11) NOT NULL COMMENT '起始行数',
  `startColumn` int(11) NOT NULL COMMENT '起始列数',
  `rowCount` int(11) DEFAULT '1' COMMENT '所占行数',
  `columnCount` int(11) DEFAULT '1' COMMENT '所占列数',
  `reserve1` varchar(255) DEFAULT NULL,
  `reserve2` varchar(255) DEFAULT NULL,
  PRIMARY KEY (`id`),
  KEY `FK_key_remotectrl` (`remotectrlId`),
  KEY `FK_key_combo` (`comboKeyId`),
  KEY `FK301CABFC408561FF` (`remotectrlId`),
  KEY `FK301CABFCD3C982C7` (`comboKeyId`),
  CONSTRAINT `FK301CABFC408561FF` FOREIGN KEY (`remotectrlId`) REFERENCES `t_remotectrl` (`id`),
  CONSTRAINT `FK301CABFCD3C982C7` FOREIGN KEY (`comboKeyId`) REFERENCES `t_remotectrl_combo` (`id`),
  CONSTRAINT `FK_key_combo` FOREIGN KEY (`comboKeyId`) REFERENCES `t_remotectrl_combo` (`id`),
  CONSTRAINT `FK_key_remotectrl` FOREIGN KEY (`remotectrlId`) REFERENCES `t_remotectrl` (`id`)
) ENGINE=InnoDB AUTO_INCREMENT=140 DEFAULT CHARSET=utf8 COMMENT='遥控器按键表';

/*Data for the table `t_remotectrl_key` */

insert  into `t_remotectrl_key`(`id`,`remotectrlId`,`comboKeyId`,`keyCode`,`study`,`keyName`,`keyType`,`keyFunction`,`startRow`,`startColumn`,`rowCount`,`columnCount`,`reserve1`,`reserve2`) values (126,3,8,30,0,'',42,0,4,4,3,2,NULL,NULL),(127,3,8,31,0,'',43,0,4,4,3,2,NULL,NULL),(128,3,8,32,0,'',44,0,4,4,3,2,NULL,NULL),(129,3,8,33,0,'',45,0,4,4,3,2,NULL,NULL),(130,3,8,34,0,'',46,0,4,4,3,2,NULL,NULL),(131,3,8,35,0,'',47,0,4,4,3,2,NULL,NULL),(132,3,8,36,0,'',48,0,4,4,3,2,NULL,NULL),(133,3,8,37,0,'',49,0,4,4,3,2,NULL,NULL),(134,3,8,38,0,'',50,0,4,4,3,2,NULL,NULL),(135,3,8,39,0,'',51,0,4,4,3,2,NULL,NULL),(136,4,NULL,40,0,'null',23,0,1,0,1,1,NULL,NULL),(137,4,NULL,41,0,'null',24,0,3,0,1,1,NULL,NULL),(138,4,NULL,42,0,'null',25,0,5,0,1,1,NULL,NULL),(139,4,NULL,43,0,'null',26,0,5,1,1,1,NULL,NULL);

/*Table structure for table `t_role` */

DROP TABLE IF EXISTS `t_role`;

CREATE TABLE `t_role` (
  `id` int(10) unsigned NOT NULL AUTO_INCREMENT,
  `homeId` int(11) NOT NULL,
  `roleName` varchar(32) NOT NULL COMMENT '角色名',
  `description` varchar(255) DEFAULT NULL,
  `reserve1` varchar(255) DEFAULT NULL,
  `reserve2` varchar(255) DEFAULT NULL,
  PRIMARY KEY (`id`)
) ENGINE=InnoDB AUTO_INCREMENT=9 DEFAULT CHARSET=utf8 COMMENT='用户角色表';

/*Data for the table `t_role` */

insert  into `t_role`(`id`,`homeId`,`roleName`,`description`,`reserve1`,`reserve2`) values (1,0,'超级管理员','拥有所有权限.包括设备配置,场景配置,用户管理,所有设备的控制权限.',NULL,NULL),(2,0,'普通管理员','拥有除了用户管理权限之外的所有权限.',NULL,NULL),(3,0,'普通用户','拥有所有设备的控制权限.',NULL,NULL),(4,501,'临时用户',NULL,NULL,NULL),(6,503,'临时用户',NULL,NULL,NULL),(8,501,'fasdfasd','发生地方',NULL,NULL);

/*Table structure for table `t_role_permission` */

DROP TABLE IF EXISTS `t_role_permission`;

CREATE TABLE `t_role_permission` (
  `id` int(10) unsigned NOT NULL AUTO_INCREMENT,
  `role` int(10) unsigned NOT NULL COMMENT '角色号',
  `device` int(10) unsigned NOT NULL COMMENT '设备号',
  `permissions` int(10) unsigned NOT NULL COMMENT '权限 (0为有权限)',
  `reserve1` varchar(255) DEFAULT NULL,
  `reserve2` varchar(255) DEFAULT NULL,
  PRIMARY KEY (`id`),
  KEY `FK_perm_role` (`role`),
  KEY `FK_perm_device` (`device`),
  KEY `FKFF5AC36D9249282E` (`role`),
  KEY `FKFF5AC36DF3C79B6E` (`device`),
  CONSTRAINT `FK_perm_device` FOREIGN KEY (`device`) REFERENCES `t_device` (`id`),
  CONSTRAINT `FK_perm_role` FOREIGN KEY (`role`) REFERENCES `t_role` (`id`)
) ENGINE=InnoDB DEFAULT CHARSET=utf8 COMMENT='权限表';

/*Data for the table `t_role_permission` */

/*Table structure for table `t_role_service` */

DROP TABLE IF EXISTS `t_role_service`;

CREATE TABLE `t_role_service` (
  `id` int(10) unsigned NOT NULL AUTO_INCREMENT,
  `role` int(10) unsigned NOT NULL COMMENT '角色号',
  `services` int(10) unsigned NOT NULL COMMENT '服务',
  `reserve1` varchar(255) DEFAULT NULL,
  `reserve2` varchar(255) DEFAULT NULL,
  PRIMARY KEY (`id`),
  KEY `FK_serv_role` (`role`),
  KEY `FK6832DDD79249282E` (`role`),
  CONSTRAINT `FK_serv_role` FOREIGN KEY (`role`) REFERENCES `t_role` (`id`)
) ENGINE=InnoDB AUTO_INCREMENT=6 DEFAULT CHARSET=utf8 COMMENT='角色服务表';

/*Data for the table `t_role_service` */

insert  into `t_role_service`(`id`,`role`,`services`,`reserve1`,`reserve2`) values (1,1,63,NULL,NULL),(2,2,55,NULL,NULL),(3,3,16,NULL,NULL),(5,4,128,NULL,NULL);

/*Table structure for table `t_room` */

DROP TABLE IF EXISTS `t_room`;

CREATE TABLE `t_room` (
  `id` int(10) unsigned NOT NULL AUTO_INCREMENT,
  `roomName` varchar(32) NOT NULL,
  `roomType` int(10) unsigned NOT NULL COMMENT '房间图标类型',
  `floorId` int(10) unsigned NOT NULL DEFAULT '1' COMMENT '所属楼层',
  `description` varchar(255) DEFAULT NULL,
  `permission` int(10) unsigned NOT NULL COMMENT '所需权限',
  `zone` int(10) unsigned DEFAULT '1' COMMENT '所在分区',
  `startRow` int(11) NOT NULL,
  `startColumn` int(11) NOT NULL,
  `totalRows` int(11) NOT NULL DEFAULT '10' COMMENT '总行数',
  `totalColumns` int(11) NOT NULL DEFAULT '10' COMMENT '总列数',
  `imgUrl` varchar(255) DEFAULT NULL COMMENT '房间已合成图片(包括背景和床...)',
  `reserve1` varchar(255) DEFAULT NULL,
  `reserve2` varchar(255) DEFAULT NULL,
  PRIMARY KEY (`id`),
  KEY `FK_floor_room` (`floorId`),
  KEY `FK_room_type` (`roomType`),
  KEY `FK_room_zone` (`zone`),
  KEY `FKCB6261C687890B6C` (`roomType`),
  KEY `FKCB6261C692506E9A` (`zone`),
  KEY `FKCB6261C6820E4331` (`floorId`),
  CONSTRAINT `FKCB6261C6820E4331` FOREIGN KEY (`floorId`) REFERENCES `t_floor` (`id`),
  CONSTRAINT `FKCB6261C687890B6C` FOREIGN KEY (`roomType`) REFERENCES `t_roomtype` (`id`),
  CONSTRAINT `FKCB6261C692506E9A` FOREIGN KEY (`zone`) REFERENCES `t_zone` (`id`),
  CONSTRAINT `FK_floor_room` FOREIGN KEY (`floorId`) REFERENCES `t_floor` (`id`),
  CONSTRAINT `FK_room_type` FOREIGN KEY (`roomType`) REFERENCES `t_roomtype` (`id`),
  CONSTRAINT `FK_room_zone` FOREIGN KEY (`zone`) REFERENCES `t_zone` (`id`)
) ENGINE=InnoDB AUTO_INCREMENT=116 DEFAULT CHARSET=utf8 COMMENT='房间表';

/*Data for the table `t_room` */

insert  into `t_room`(`id`,`roomName`,`roomType`,`floorId`,`description`,`permission`,`zone`,`startRow`,`startColumn`,`totalRows`,`totalColumns`,`imgUrl`,`reserve1`,`reserve2`) values (1,'客厅',1,10,NULL,0,NULL,0,2,2,1,NULL,NULL,NULL),(2,'卧室',2,4,NULL,0,NULL,8,0,2,1,NULL,NULL,NULL),(6,'客厅',1,8,NULL,0,NULL,1,0,2,1,NULL,NULL,NULL),(27,'卧室',2,4,NULL,0,NULL,1,2,1,2,NULL,NULL,NULL),(29,'书房',3,4,NULL,0,NULL,2,2,1,2,NULL,NULL,NULL),(30,'卧室',2,4,NULL,0,NULL,2,6,1,2,NULL,NULL,NULL),(31,'书房',3,4,NULL,0,NULL,3,3,1,2,NULL,NULL,NULL),(32,'客厅',1,4,NULL,0,NULL,3,5,1,2,NULL,NULL,NULL),(33,'客厅',1,4,NULL,0,NULL,5,1,1,2,NULL,NULL,NULL),(65,'客厅',1,13,NULL,0,NULL,1,1,1,2,NULL,NULL,NULL),(66,'客厅',1,13,NULL,0,NULL,1,6,1,2,NULL,NULL,NULL),(67,'客厅',1,13,NULL,0,NULL,3,1,1,2,NULL,NULL,NULL),(68,'客厅',1,13,NULL,0,NULL,5,1,1,2,NULL,NULL,NULL),(69,'客厅',1,13,NULL,0,NULL,4,5,1,2,NULL,NULL,NULL),(70,'客厅',1,15,NULL,0,NULL,1,5,1,2,NULL,NULL,NULL),(71,'客厅1',1,3,NULL,0,NULL,1,1,1,2,NULL,NULL,NULL),(72,'客厅2',1,3,NULL,0,NULL,2,1,1,2,NULL,NULL,NULL),(73,'客厅3',1,3,NULL,0,NULL,2,3,1,2,NULL,NULL,NULL),(74,'卧室',2,17,NULL,0,NULL,1,4,1,2,NULL,NULL,NULL),(75,'客厅5',1,3,NULL,0,NULL,2,7,1,2,NULL,NULL,NULL),(76,'客厅4',1,3,NULL,0,NULL,2,5,1,2,NULL,NULL,NULL),(77,'客厅6',1,3,NULL,0,NULL,3,1,1,2,NULL,NULL,NULL),(78,'客厅7',1,3,NULL,0,NULL,3,3,1,2,NULL,NULL,NULL),(79,'客厅8',1,3,NULL,0,NULL,3,5,1,2,NULL,NULL,NULL),(80,'客厅9',1,3,NULL,0,NULL,3,7,1,2,NULL,NULL,NULL),(81,'客厅10',1,3,NULL,0,NULL,4,1,1,2,NULL,NULL,NULL),(82,'客厅11',1,3,NULL,0,NULL,4,3,1,2,NULL,NULL,NULL),(83,'客厅12',1,3,NULL,0,NULL,4,5,1,2,NULL,NULL,NULL),(84,'客厅13',1,3,NULL,0,NULL,4,7,1,2,NULL,NULL,NULL),(85,'客厅14',1,3,NULL,0,NULL,5,1,1,2,NULL,NULL,NULL),(86,'客厅15',1,3,NULL,0,NULL,5,7,1,2,NULL,NULL,NULL),(87,'客厅',1,18,NULL,0,NULL,3,2,4,8,NULL,NULL,NULL),(88,'卧室',2,18,NULL,0,NULL,0,4,3,2,NULL,NULL,NULL),(89,'书房',3,18,NULL,0,NULL,0,2,3,2,NULL,NULL,NULL),(90,'餐厅',4,18,NULL,0,NULL,3,0,3,2,NULL,NULL,NULL),(91,'厨房',6,18,NULL,0,NULL,6,0,1,2,NULL,NULL,NULL),(92,'房间',8,18,NULL,0,NULL,0,6,3,2,NULL,NULL,NULL),(93,'浴室',5,18,NULL,0,NULL,0,0,2,2,NULL,NULL,NULL),(94,'阳台',7,18,NULL,0,NULL,0,8,3,2,NULL,NULL,NULL),(95,'房间',8,19,NULL,0,NULL,2,2,3,6,NULL,NULL,NULL),(96,'阳台',7,19,NULL,0,NULL,5,2,1,6,NULL,NULL,NULL),(97,'客厅',1,20,NULL,0,NULL,0,0,1,2,NULL,NULL,NULL),(98,'卧室',2,20,NULL,0,NULL,1,0,1,2,NULL,NULL,NULL),(104,'客厅(1)',1,21,NULL,0,NULL,1,5,1,2,NULL,NULL,NULL),(105,'客厅(2)',1,21,NULL,0,NULL,1,8,1,2,NULL,NULL,NULL),(106,'客厅',1,22,NULL,0,NULL,0,0,1,2,NULL,NULL,NULL),(107,'房间',8,22,NULL,0,NULL,0,7,1,2,NULL,NULL,NULL),(108,'卧室',2,22,NULL,0,NULL,2,0,1,2,NULL,NULL,NULL),(109,'阳台',7,22,NULL,0,NULL,2,7,1,2,NULL,NULL,NULL),(110,'书房',3,22,NULL,0,NULL,4,0,1,2,NULL,NULL,NULL),(111,'厨房',6,22,NULL,0,NULL,4,7,1,2,NULL,NULL,NULL),(112,'餐厅',4,22,NULL,0,NULL,6,0,1,2,NULL,NULL,NULL),(113,'浴室',5,22,NULL,0,NULL,6,7,1,2,NULL,NULL,NULL),(114,'大客厅',1,23,NULL,0,NULL,1,5,1,2,NULL,NULL,NULL),(115,'客厅(1)',1,24,NULL,0,NULL,1,3,1,2,NULL,NULL,NULL);

/*Table structure for table `t_roomtype` */

DROP TABLE IF EXISTS `t_roomtype`;

CREATE TABLE `t_roomtype` (
  `id` int(10) unsigned NOT NULL AUTO_INCREMENT,
  `roomTypeId` int(11) NOT NULL COMMENT '房间类型号',
  `roomTypeName` varchar(32) DEFAULT NULL COMMENT '房间类型名',
  `imgUrl` varchar(255) NOT NULL COMMENT '房间类型图标URL',
  `description` varchar(255) DEFAULT NULL,
  `reserve1` varchar(255) DEFAULT NULL,
  `reserve2` varchar(255) DEFAULT NULL,
  PRIMARY KEY (`id`)
) ENGINE=InnoDB AUTO_INCREMENT=9 DEFAULT CHARSET=utf8 COMMENT='设备类型表';

/*Data for the table `t_roomtype` */

insert  into `t_roomtype`(`id`,`roomTypeId`,`roomTypeName`,`imgUrl`,`description`,`reserve1`,`reserve2`) values (1,1,'客厅','images/configure/home/home_livingroom.gif','客厅',NULL,NULL),(2,2,'卧室','images/configure/home/home_bedroom.gif','卧室',NULL,NULL),(3,3,'书房','images/configure/home/home_bookroom.gif','书房',NULL,NULL),(4,4,'餐厅','images/configure/home/home_diningroom.gif','餐厅',NULL,NULL),(5,5,'浴室','images/configure/home/home_bathroom.gif','浴室',NULL,NULL),(6,6,'厨房','images/configure/home/home_kitchenroom.gif','厨房',NULL,NULL),(7,7,'阳台','images/configure/home/home_balconyroom.gif','阳台',NULL,NULL),(8,8,'房间','images/configure/home/home_room.gif','房间',NULL,NULL);

/*Table structure for table `t_scene` */

DROP TABLE IF EXISTS `t_scene`;

CREATE TABLE `t_scene` (
  `id` int(10) unsigned NOT NULL AUTO_INCREMENT,
  `name` varchar(32) NOT NULL COMMENT '场景名',
  `home` int(10) unsigned DEFAULT NULL COMMENT '所属家庭',
  `room` int(10) unsigned DEFAULT '0' COMMENT '关联的房间',
  `description` varchar(64) DEFAULT NULL COMMENT '场景描述',
  `isEnabled` tinyint(4) DEFAULT NULL COMMENT '是否激活（1为激活）',
  `andOr` tinyint(4) DEFAULT NULL COMMENT 'input逻辑关系（0表示and，1表示or）',
  `reserve1` varchar(255) DEFAULT NULL,
  `reserve2` varchar(255) DEFAULT NULL,
  `sceneName` varchar(32) DEFAULT NULL COMMENT '³¡¾°Ãû',
  `icon` varchar(255) DEFAULT NULL COMMENT '³¡¾°Í¼±êURL',
  PRIMARY KEY (`id`),
  KEY `FK_home_scene` (`home`),
  KEY `FKA0F2550192401100` (`home`),
  KEY `FKA0F25501924928F8` (`room`),
  CONSTRAINT `FKA0F2550192401100` FOREIGN KEY (`home`) REFERENCES `t_home` (`id`),
  CONSTRAINT `FKA0F25501924928F8` FOREIGN KEY (`room`) REFERENCES `t_room` (`id`),
  CONSTRAINT `FK_home_scene` FOREIGN KEY (`home`) REFERENCES `t_home` (`id`)
) ENGINE=InnoDB AUTO_INCREMENT=16 DEFAULT CHARSET=utf8 COMMENT='场景表';

/*Data for the table `t_scene` */

insert  into `t_scene`(`id`,`name`,`home`,`room`,`description`,`isEnabled`,`andOr`,`reserve1`,`reserve2`,`sceneName`,`icon`) values (1,'新建模式(1)',501,NULL,NULL,1,1,NULL,NULL,NULL,NULL),(2,'新建模式(1)',501,NULL,NULL,1,1,NULL,NULL,NULL,NULL),(3,'新建模式(1)',501,NULL,NULL,1,1,NULL,NULL,NULL,NULL),(4,'新建模式(1)',501,NULL,NULL,1,1,NULL,NULL,NULL,NULL),(5,'新建模式(1)',501,NULL,NULL,1,1,NULL,NULL,NULL,NULL),(6,'场景(1)',518,NULL,NULL,1,1,NULL,NULL,NULL,NULL),(9,'新建场景(2)',518,NULL,NULL,1,1,NULL,NULL,NULL,NULL),(10,'新建场景(3)',518,NULL,NULL,1,1,NULL,NULL,NULL,NULL),(11,'新建场景(4)',518,NULL,NULL,1,1,NULL,NULL,NULL,NULL),(12,'新建场景(5)',518,NULL,NULL,1,1,NULL,NULL,NULL,NULL),(13,'场景(2)',518,NULL,NULL,1,1,NULL,NULL,NULL,NULL),(14,'场景(3)',518,NULL,NULL,1,1,NULL,NULL,NULL,NULL),(15,'场景(5)',518,NULL,NULL,1,1,NULL,NULL,NULL,NULL);

/*Table structure for table `t_scene_hard` */

DROP TABLE IF EXISTS `t_scene_hard`;

CREATE TABLE `t_scene_hard` (
  `id` int(10) unsigned NOT NULL AUTO_INCREMENT,
  `sceneId` int(10) unsigned NOT NULL COMMENT '场景id',
  `hardsceneId` int(10) unsigned NOT NULL COMMENT '硬场景id',
  `reserve1` varchar(255) DEFAULT NULL,
  `reserve2` varchar(255) DEFAULT NULL,
  PRIMARY KEY (`id`),
  KEY `FK_ref_scene_hardscene` (`hardsceneId`),
  KEY `FK_ref_scene_hard` (`sceneId`),
  KEY `FK395B1D69D799E7DB` (`hardsceneId`),
  KEY `FK395B1D6922890C31` (`sceneId`),
  CONSTRAINT `FK395B1D6922890C31` FOREIGN KEY (`sceneId`) REFERENCES `t_scene` (`id`),
  CONSTRAINT `FK395B1D69D799E7DB` FOREIGN KEY (`hardsceneId`) REFERENCES `t_hardscene` (`id`),
  CONSTRAINT `FK_ref_scene_hard` FOREIGN KEY (`sceneId`) REFERENCES `t_scene` (`id`),
  CONSTRAINT `FK_ref_scene_hardscene` FOREIGN KEY (`hardsceneId`) REFERENCES `t_hardscene` (`id`)
) ENGINE=InnoDB DEFAULT CHARSET=utf8 COMMENT='场景相关的硬场景表';

/*Data for the table `t_scene_hard` */

/*Table structure for table `t_scene_input` */

DROP TABLE IF EXISTS `t_scene_input`;

CREATE TABLE `t_scene_input` (
  `id` int(10) unsigned NOT NULL AUTO_INCREMENT,
  `sceneId` int(10) unsigned NOT NULL COMMENT '场景Id',
  `deviceId` int(10) unsigned NOT NULL COMMENT '设备Id',
  `param` int(11) NOT NULL COMMENT '参数',
  `value` varchar(32) DEFAULT NULL COMMENT '值',
  `threshold` float DEFAULT '0' COMMENT '防抖动阈值',
  `reserve1` varchar(255) DEFAULT NULL,
  `reserve2` varchar(255) DEFAULT NULL,
  PRIMARY KEY (`id`),
  KEY `FK_input_scene` (`sceneId`),
  KEY `FK_input_device` (`deviceId`),
  KEY `FKF21C8B0C85796B09` (`deviceId`),
  KEY `FKF21C8B0C22890C31` (`sceneId`),
  CONSTRAINT `FKF21C8B0C22890C31` FOREIGN KEY (`sceneId`) REFERENCES `t_scene` (`id`),
  CONSTRAINT `FKF21C8B0C85796B09` FOREIGN KEY (`deviceId`) REFERENCES `t_device` (`id`),
  CONSTRAINT `FK_input_device` FOREIGN KEY (`deviceId`) REFERENCES `t_device` (`id`),
  CONSTRAINT `FK_input_scene` FOREIGN KEY (`sceneId`) REFERENCES `t_scene` (`id`)
) ENGINE=InnoDB DEFAULT CHARSET=utf8 COMMENT='场景输入表';

/*Data for the table `t_scene_input` */

/*Table structure for table `t_scene_knx` */

DROP TABLE IF EXISTS `t_scene_knx`;

CREATE TABLE `t_scene_knx` (
  `id` int(10) unsigned NOT NULL AUTO_INCREMENT,
  `knxgroup` int(10) unsigned NOT NULL COMMENT '设备组地址',
  `knxvalue` varchar(255) NOT NULL COMMENT '组地址值',
  `scene` int(10) unsigned NOT NULL COMMENT '场景ID',
  `reserve1` varchar(255) DEFAULT NULL,
  `reserve2` varchar(255) DEFAULT NULL,
  PRIMARY KEY (`id`),
  KEY `FK_ref_scene_group` (`knxgroup`),
  KEY `FK_ref_scene_knx` (`scene`),
  KEY `FK85FABB37B6ECF216` (`scene`),
  KEY `FK85FABB378BB53676` (`knxgroup`),
  CONSTRAINT `FK85FABB378BB53676` FOREIGN KEY (`knxgroup`) REFERENCES `t_knx_group` (`id`),
  CONSTRAINT `FK85FABB37B6ECF216` FOREIGN KEY (`scene`) REFERENCES `t_scene` (`id`),
  CONSTRAINT `FK_ref_scene_group` FOREIGN KEY (`knxgroup`) REFERENCES `t_knx_group` (`id`),
  CONSTRAINT `FK_ref_scene_knx` FOREIGN KEY (`scene`) REFERENCES `t_scene` (`id`)
) ENGINE=InnoDB DEFAULT CHARSET=utf8 COMMENT='场景相关的KNX设备表';

/*Data for the table `t_scene_knx` */

/*Table structure for table `t_scene_output` */

DROP TABLE IF EXISTS `t_scene_output`;

CREATE TABLE `t_scene_output` (
  `id` int(10) unsigned NOT NULL AUTO_INCREMENT,
  `sceneId` int(10) unsigned NOT NULL COMMENT '场景Id',
  `deviceId` int(10) unsigned NOT NULL COMMENT '设备Id',
  `param` int(11) NOT NULL COMMENT '参数',
  `value` varchar(32) DEFAULT NULL COMMENT '值',
  `delay` int(11) DEFAULT '0' COMMENT '延时',
  `reserve1` varchar(255) DEFAULT NULL,
  `reserve2` varchar(255) DEFAULT NULL,
  PRIMARY KEY (`id`),
  KEY `FK_output_scene` (`sceneId`),
  KEY `FK_output_device` (`deviceId`),
  KEY `FK5C164DFF85796B09` (`deviceId`),
  KEY `FK5C164DFF22890C31` (`sceneId`),
  CONSTRAINT `FK5C164DFF22890C31` FOREIGN KEY (`sceneId`) REFERENCES `t_scene` (`id`),
  CONSTRAINT `FK5C164DFF85796B09` FOREIGN KEY (`deviceId`) REFERENCES `t_device` (`id`),
  CONSTRAINT `FK_output_device` FOREIGN KEY (`deviceId`) REFERENCES `t_device` (`id`),
  CONSTRAINT `FK_output_scene` FOREIGN KEY (`sceneId`) REFERENCES `t_scene` (`id`)
) ENGINE=InnoDB AUTO_INCREMENT=40 DEFAULT CHARSET=utf8 COMMENT='场景输入表';

/*Data for the table `t_scene_output` */

insert  into `t_scene_output`(`id`,`sceneId`,`deviceId`,`param`,`value`,`delay`,`reserve1`,`reserve2`) values (2,1,93,68,'1',0,NULL,NULL),(4,2,93,68,'1',0,NULL,NULL),(6,3,93,68,'1',0,NULL,NULL),(8,4,93,68,'1',0,NULL,NULL),(10,5,93,68,'1',0,NULL,NULL),(19,11,122,125,'3',0,NULL,NULL),(20,12,122,125,'4',0,NULL,NULL),(21,9,120,6,'1',0,NULL,NULL),(22,10,120,7,'1',0,NULL,NULL),(23,6,124,126,'0',0,NULL,NULL),(24,6,125,128,'0',0,NULL,NULL),(25,6,126,130,'0',0,NULL,NULL),(26,6,124,126,'0',0,NULL,NULL),(27,6,125,128,'0',0,NULL,NULL),(28,6,126,130,'0',0,NULL,NULL),(29,13,124,126,'1',0,NULL,NULL),(30,13,125,128,'1',0,NULL,NULL),(31,13,126,130,'1',0,NULL,NULL),(32,13,120,6,'1',0,NULL,NULL),(33,14,124,126,'1',0,NULL,NULL),(34,14,125,128,'1',0,NULL,NULL),(35,14,126,130,'1',0,NULL,NULL),(36,14,120,7,'1',0,NULL,NULL),(37,15,124,126,'1',0,NULL,NULL),(38,15,125,128,'1',0,NULL,NULL),(39,15,126,130,'1',0,NULL,NULL);

/*Table structure for table `t_scene_remote` */

DROP TABLE IF EXISTS `t_scene_remote`;

CREATE TABLE `t_scene_remote` (
  `id` int(10) unsigned NOT NULL AUTO_INCREMENT,
  `uniquecode` int(11) DEFAULT NULL COMMENT '按键唯一标记',
  `keyboardId` int(10) unsigned NOT NULL COMMENT '目标遥控器',
  `keyId` int(10) unsigned NOT NULL COMMENT '目标按键',
  `scene` int(10) unsigned NOT NULL COMMENT '所属场景',
  `reserve1` varchar(255) DEFAULT NULL,
  `reserve2` varchar(255) DEFAULT NULL,
  PRIMARY KEY (`id`),
  KEY `FK_ref_scene_key` (`keyId`),
  KEY `FK_ref_scene_remote` (`scene`),
  KEY `FK_ref_scene_remotectrl` (`keyboardId`),
  KEY `FK60502D44D61487A6` (`keyId`),
  KEY `FK60502D44B6ECF216` (`scene`),
  KEY `FK60502D44DE1178B5` (`keyboardId`),
  CONSTRAINT `FK60502D44B6ECF216` FOREIGN KEY (`scene`) REFERENCES `t_scene` (`id`),
  CONSTRAINT `FK60502D44D61487A6` FOREIGN KEY (`keyId`) REFERENCES `t_remotectrl_key` (`id`),
  CONSTRAINT `FK60502D44DE1178B5` FOREIGN KEY (`keyboardId`) REFERENCES `t_remotectrl` (`id`),
  CONSTRAINT `FK_ref_scene_key` FOREIGN KEY (`keyId`) REFERENCES `t_remotectrl_key` (`id`),
  CONSTRAINT `FK_ref_scene_remote` FOREIGN KEY (`scene`) REFERENCES `t_scene` (`id`),
  CONSTRAINT `FK_ref_scene_remotectrl` FOREIGN KEY (`keyboardId`) REFERENCES `t_remotectrl` (`id`)
) ENGINE=InnoDB DEFAULT CHARSET=utf8 COMMENT='遥控器表';

/*Data for the table `t_scene_remote` */

/*Table structure for table `t_scene_serial` */

DROP TABLE IF EXISTS `t_scene_serial`;

CREATE TABLE `t_scene_serial` (
  `id` int(10) unsigned NOT NULL AUTO_INCREMENT,
  `sceneId` int(10) unsigned NOT NULL COMMENT '场景',
  `serialboardId` int(10) unsigned NOT NULL COMMENT '串口设备控制界面ID',
  `serialKeyId` int(10) unsigned NOT NULL COMMENT '串口设备按键',
  `datagram` text NOT NULL COMMENT '数据包',
  `reserve1` varchar(255) DEFAULT NULL,
  `reserve2` varchar(255) DEFAULT NULL,
  PRIMARY KEY (`id`),
  KEY `FK_ref_scene_serial` (`sceneId`),
  KEY `FK_ref_scene_serial_key` (`serialKeyId`),
  KEY `FK620732F222890C31` (`sceneId`),
  KEY `FK620732F27379300F` (`serialKeyId`),
  CONSTRAINT `FK620732F222890C31` FOREIGN KEY (`sceneId`) REFERENCES `t_scene` (`id`),
  CONSTRAINT `FK620732F27379300F` FOREIGN KEY (`serialKeyId`) REFERENCES `t_serial_key` (`id`),
  CONSTRAINT `FK_ref_scene_serial` FOREIGN KEY (`sceneId`) REFERENCES `t_scene` (`id`),
  CONSTRAINT `FK_ref_scene_serial_key` FOREIGN KEY (`serialKeyId`) REFERENCES `t_serial_key` (`id`)
) ENGINE=InnoDB DEFAULT CHARSET=utf8 COMMENT='场景相关的串口设备表';

/*Data for the table `t_scene_serial` */

/*Table structure for table `t_serial_board` */

DROP TABLE IF EXISTS `t_serial_board`;

CREATE TABLE `t_serial_board` (
  `id` int(10) unsigned NOT NULL AUTO_INCREMENT,
  `deviceId` int(10) unsigned NOT NULL COMMENT '设备id',
  `isCustom` tinyint(4) NOT NULL,
  `preProtocol` int(11) NOT NULL DEFAULT '0',
  `description` varchar(255) DEFAULT NULL,
  `totalRows` int(11) NOT NULL DEFAULT '10' COMMENT '总行数',
  `totalColumns` int(11) NOT NULL DEFAULT '10' COMMENT '总列数',
  `reserve1` varchar(255) DEFAULT NULL,
  `reserve2` varchar(255) DEFAULT NULL,
  PRIMARY KEY (`id`),
  KEY `FK_device_serial` (`deviceId`),
  KEY `FKFC14CEC685796B09` (`deviceId`),
  CONSTRAINT `FKFC14CEC685796B09` FOREIGN KEY (`deviceId`) REFERENCES `t_device` (`id`),
  CONSTRAINT `FK_device_serial` FOREIGN KEY (`deviceId`) REFERENCES `t_device` (`id`)
) ENGINE=InnoDB AUTO_INCREMENT=11 DEFAULT CHARSET=utf8 COMMENT='串口设备控制界面';

/*Data for the table `t_serial_board` */

insert  into `t_serial_board`(`id`,`deviceId`,`isCustom`,`preProtocol`,`description`,`totalRows`,`totalColumns`,`reserve1`,`reserve2`) values (7,95,0,5,NULL,0,0,NULL,NULL),(9,120,1,0,NULL,0,0,NULL,NULL),(10,137,0,2,NULL,0,0,NULL,NULL);

/*Table structure for table `t_serial_key` */

DROP TABLE IF EXISTS `t_serial_key`;

CREATE TABLE `t_serial_key` (
  `id` int(10) unsigned NOT NULL AUTO_INCREMENT,
  `serialboardId` int(10) unsigned NOT NULL COMMENT '串口设备控制界面ID',
  `keyName` varchar(32) NOT NULL COMMENT '按键功能',
  `keyType` int(11) NOT NULL DEFAULT '0',
  `imgUrl` varchar(0) NOT NULL COMMENT '按键图片',
  `functionCode` varchar(255) NOT NULL COMMENT '按键代表的功能码，与具体协议密切相关',
  `keyFunction` int(11) DEFAULT NULL COMMENT '该按键的功能',
  `startRow` int(11) NOT NULL COMMENT '起始行数',
  `startColumn` int(11) NOT NULL COMMENT '起始列数',
  `rowCount` int(11) DEFAULT '1' COMMENT '所占行数',
  `columnCount` int(11) DEFAULT '1' COMMENT '所占列数',
  `reserve1` varchar(255) DEFAULT NULL,
  `reserve2` varchar(255) DEFAULT NULL,
  PRIMARY KEY (`id`),
  KEY `FK_serial_board_key` (`serialboardId`),
  KEY `FK99B3F63FAD1D25DD` (`serialboardId`),
  CONSTRAINT `FK99B3F63FAD1D25DD` FOREIGN KEY (`serialboardId`) REFERENCES `t_serial_board` (`id`),
  CONSTRAINT `FK_serial_board_key` FOREIGN KEY (`serialboardId`) REFERENCES `t_serial_board` (`id`)
) ENGINE=InnoDB AUTO_INCREMENT=10 DEFAULT CHARSET=utf8 COMMENT='串口控制界面按键表';

/*Data for the table `t_serial_key` */

insert  into `t_serial_key`(`id`,`serialboardId`,`keyName`,`keyType`,`imgUrl`,`functionCode`,`keyFunction`,`startRow`,`startColumn`,`rowCount`,`columnCount`,`reserve1`,`reserve2`) values (6,9,'开机',21,'','BEEF100500C6FF111101000100',1,1,2,1,2,NULL,NULL),(7,9,'关机',21,'','BEEF030600DCDB690000000000',2,1,4,1,2,NULL,NULL),(8,9,'计算机1',22,'','BEEF0319001929014702CCCC00',23,3,1,1,2,NULL,NULL),(9,9,'复合视频',22,'','BEEF03190078A8014702CCCC00',33,3,4,1,2,NULL,NULL);

/*Table structure for table `t_softtype` */

DROP TABLE IF EXISTS `t_softtype`;

CREATE TABLE `t_softtype` (
  `softTypeId` int(10) unsigned NOT NULL AUTO_INCREMENT,
  `softTypeName` varchar(255) NOT NULL COMMENT '软件类型名',
  `reserve1` varchar(255) DEFAULT NULL,
  `reserve2` varchar(255) DEFAULT NULL,
  PRIMARY KEY (`softTypeId`)
) ENGINE=InnoDB DEFAULT CHARSET=utf8 COMMENT='软件类型表';

/*Data for the table `t_softtype` */

/*Table structure for table `t_user` */

DROP TABLE IF EXISTS `t_user`;

CREATE TABLE `t_user` (
  `id` int(10) unsigned NOT NULL AUTO_INCREMENT,
  `userName` varchar(32) NOT NULL COMMENT '登录用户名',
  `pwd` varchar(64) NOT NULL COMMENT '登录密码',
  `role` int(10) unsigned NOT NULL COMMENT '用户角色',
  `userType` int(10) unsigned NOT NULL COMMENT '用户类型，关注收费情况',
  `mobilephone` varchar(16) NOT NULL,
  `email` varchar(64) DEFAULT NULL,
  `registerTime` datetime NOT NULL COMMENT '注册时间',
  `lastLoginTime` datetime NOT NULL COMMENT '上次登录时间',
  `lastLoginIP` varchar(32) DEFAULT NULL COMMENT '上次登录IP',
  `autoLogin` tinyint(1) DEFAULT '0' COMMENT '是否自动登录',
  `description` varchar(255) DEFAULT NULL COMMENT '描述',
  `innerPort` int(11) NOT NULL DEFAULT '0' COMMENT '内网访问的主机侦听端口',
  `home` int(10) unsigned NOT NULL COMMENT '所属家庭',
  `productId` int(10) DEFAULT NULL COMMENT '主机产品id',
  `reserve1` varchar(255) DEFAULT NULL,
  `reserve2` varchar(255) DEFAULT NULL,
  PRIMARY KEY (`id`),
  KEY `FK_user_home` (`home`),
  KEY `FK_user_role` (`role`),
  KEY `FKCB63CCB692401100` (`home`),
  KEY `FKCB63CCB69249282E` (`role`),
  CONSTRAINT `FKCB63CCB692401100` FOREIGN KEY (`home`) REFERENCES `t_home` (`id`),
  CONSTRAINT `FKCB63CCB69249282E` FOREIGN KEY (`role`) REFERENCES `t_role` (`id`),
  CONSTRAINT `FK_user_home` FOREIGN KEY (`home`) REFERENCES `t_home` (`id`),
  CONSTRAINT `FK_user_role` FOREIGN KEY (`role`) REFERENCES `t_role` (`id`)
) ENGINE=InnoDB AUTO_INCREMENT=146 DEFAULT CHARSET=utf8 COMMENT='家庭成员用户';

/*Data for the table `t_user` */

insert  into `t_user`(`id`,`userName`,`pwd`,`role`,`userType`,`mobilephone`,`email`,`registerTime`,`lastLoginTime`,`lastLoginIP`,`autoLogin`,`description`,`innerPort`,`home`,`productId`,`reserve1`,`reserve2`) values (4,'myhome','A17FE852262BD3B60C695FCACEE94FC04C7E41FA338CCCF4C28D67FC',1,1,'13811110000','yorry.g@gmail.com','2012-02-08 00:00:00','2012-02-08 00:00:00','1.1.1.1',0,'1',0,501,NULL,'启用',NULL),(101,'song','D7B531F5BF1CFCC9FE5B3468B7B4FC574FA48D17AF84F4F2DFAB12E5',1,0,'11119090000','song@qq.com','2012-08-21 00:00:00','2012-08-21 00:00:00',NULL,0,NULL,0,503,NULL,NULL,NULL),(102,'songlite','D7B531F5BF1CFCC9FE5B3468B7B4FC574FA48D17AF84F4F2DFAB12E5',1,0,'11213231231','songlite@qq.com','2012-08-21 00:00:00','2012-08-21 00:00:00',NULL,0,NULL,50001,503,NULL,NULL,NULL),(108,'mysong','F32873818F81F664571323FCAC9B962868EDBA347E5623E5E169C9D3',2,0,'13811110000','','2012-09-13 17:21:30','2012-09-13 17:21:30','1.1.1.1',NULL,'registered by home-admin',50002,501,NULL,'启用',NULL),(115,'test','D2E04A75FE0FF7DE8A4010E630AFB412D1C07A47179BFFF2F375576C',1,0,'13200000000','ss@ss.com','2012-09-17 19:55:10','2012-09-17 19:55:10','',NULL,'registered by web-admin',50001,517,NULL,NULL,NULL),(116,'LingTanHouse','5F29EE1641DBC35A2EAB34AA77C019222AE72385EEB57330131311B1',1,0,'13813818888','songsp@tiansu-china.com','2012-09-18 16:41:03','2012-09-18 16:41:03','',NULL,'registered by web-admin',50001,518,NULL,NULL,NULL),(117,'LingTanClient','0BB4FB35AF1F56D873421B68AFF15BF6CE213C9F13FFFB599A6062A5',3,0,'13813818888','','2012-09-18 16:49:32','2012-09-18 16:49:32','',NULL,'registered by home-admin',50001,518,NULL,'启用',NULL),(118,'LingTanHost','F6DA6816CA6760A8DDEC077162119DB40E141BB238E32934F0395C2C',2,0,'13813818888','','2012-09-18 16:50:08','2012-09-18 16:50:08','',NULL,'registered by home-admin',50002,518,NULL,'启用',NULL),(124,'mahoo','20B19420D954ECE1A65B49B0A0844242498EE4B34A6EAE6DC4BA8B15',1,0,'13800000000','mayj@tiansu-china.ocm','2012-09-19 11:21:21','2012-09-19 11:21:21','',NULL,'registered by web-admin',50001,519,NULL,NULL,NULL),(125,'fjhome','B74516DC82D94671D9277CFA30567B1F7DD1D4C5099BC1819985311A',1,0,'13200000000','','2012-09-19 14:46:29','2012-09-19 14:46:29','',NULL,'registered by home-admin',50001,517,NULL,'启用',NULL),(126,'fjhome1','2D0B28FB2E030522E06E5D152B6817BA3406A275B18C786E493919D5',1,0,'13200000000','','2012-09-19 16:39:27','2012-09-19 16:39:27','',NULL,'registered by home-admin',50002,517,NULL,'启用',NULL),(128,'mayj-home','1758D42F7399ACF3EDFFFD25EBB843D98906D44C5CF63B2B28D15FBD',1,0,'13800000000','','2012-09-19 18:41:42','2012-09-19 18:41:42','',NULL,'registered by home-admin',50001,519,NULL,'启用',NULL),(130,'u_test_userid_001','E7EE560149C0FA89686D10BF2E3E459A14F7B374D64061EA032F0BD2',1,0,'unknown',NULL,'2012-09-20 14:27:48','2012-09-20 14:27:48',NULL,0,NULL,0,522,NULL,NULL,NULL),(131,'SHCHome','B701A1FB3C8EBF4A01312312E375BC2A63635109A840DBCCB09A1E66',1,0,'13813888888','songsp@tiansu-china.com','2012-09-20 14:47:23','2012-09-20 14:47:23','',NULL,'registered by web-admin',50001,523,NULL,NULL,NULL),(132,'SHCLite','8B42CB5866F9504806A062B13A2BC0DF28AE8F6057B4AB463246CD02',2,0,'13813888888','','2012-09-20 14:48:40','2012-09-20 14:48:40','',NULL,'registered by home-admin',50001,523,NULL,'启用',NULL),(133,'SHCHost','98EEDFE94D7F55619DE66B83FA712B2ABFBDBFA342C432819DBA059C',2,0,'13813888888','','2012-09-20 14:49:00','2012-09-20 14:49:00','',NULL,'registered by home-admin',50002,523,NULL,'启用',NULL),(134,'tiansuTest','B26BF342C55C02A697001827617D2FC745FA2675EE4851E037720917',1,0,'unknown',NULL,'2012-09-20 15:16:13','2012-09-20 15:16:13',NULL,0,NULL,0,524,NULL,NULL,NULL),(139,'mayong1','7B62061319FA5CDF160E03B75D9A3A6473EE0908C40431470E9148A7',2,0,'13800000000','','2012-09-20 16:22:09','2012-09-20 16:22:09','',NULL,'registered by home-admin',50002,519,NULL,'启用',NULL),(140,'longlongago','BD6DB332F4F81C5A4C508E138F357EF1E0956849C2C807F5ABA86D8B',1,0,'13062509999','longlongago@longlongago.longlongago','2012-09-20 19:50:49','2012-09-20 19:50:49','',NULL,'registered by web-admin',50001,525,NULL,NULL,NULL),(142,'longlongago2','43C0DD9456275AD88DB99CEBAC0F265F65ED1B37C0492D8E5C9D7CA2',2,0,'13062509999','','2012-09-20 20:19:54','2012-09-20 20:19:54','',NULL,'registered by home-admin',50002,525,NULL,'启用',NULL),(143,'222222','C9EC40CA9BB9E0C33F165E782F90F2244BD0025F71E0902B7B80D039',2,0,'13811110000','','2012-09-20 20:40:06','2012-09-20 20:40:06','1.1.1.1',NULL,'registered by home-admin',50003,501,NULL,'启用',NULL),(144,'mylite','8207AC27F7E47B4ECA71E9F8533049ED1CD4410CDD4A2BFDB3A5A6A9',2,0,'13811110000','','2012-09-20 20:51:28','2012-09-20 20:51:28','1.1.1.1',NULL,'registered by home-admin',50001,501,NULL,'启用',NULL),(145,'333333','1302E244E52F7C86821BEF82FD00851A515362E65AF8ACEEBB1DF665',1,0,'13062509999','','2012-09-21 10:09:16','2012-09-21 10:09:16','',NULL,'registered by home-admin',50001,525,NULL,'启用',NULL);

/*Table structure for table `t_versionlib` */

DROP TABLE IF EXISTS `t_versionlib`;

CREATE TABLE `t_versionlib` (
  `id` int(10) unsigned NOT NULL AUTO_INCREMENT,
  `softwareType` int(10) unsigned NOT NULL COMMENT '软件类型',
  `currentVersion` varchar(255) NOT NULL COMMENT '当前版本',
  `updateLog` text NOT NULL COMMENT '升级日志',
  `releaseTime` datetime NOT NULL COMMENT '当前版本发布时间',
  `reserve1` varchar(255) DEFAULT NULL,
  `reserve2` varchar(255) DEFAULT NULL,
  PRIMARY KEY (`id`),
  KEY `FK_softtype` (`softwareType`),
  KEY `FK95667B589029DA07` (`softwareType`),
  CONSTRAINT `FK95667B589029DA07` FOREIGN KEY (`softwareType`) REFERENCES `t_softtype` (`softTypeId`),
  CONSTRAINT `FK_softtype` FOREIGN KEY (`softwareType`) REFERENCES `t_softtype` (`softTypeId`)
) ENGINE=InnoDB DEFAULT CHARSET=utf8 COMMENT='软件版本库';

/*Data for the table `t_versionlib` */

/*Table structure for table `t_zone` */

DROP TABLE IF EXISTS `t_zone`;

CREATE TABLE `t_zone` (
  `id` int(10) unsigned NOT NULL AUTO_INCREMENT,
  `zoneName` varchar(32) NOT NULL COMMENT '分区名',
  `zoneId` tinyint(3) unsigned DEFAULT NULL COMMENT '分区号',
  `reserve1` varchar(255) DEFAULT NULL,
  `reserve2` varchar(255) DEFAULT NULL,
  PRIMARY KEY (`id`)
) ENGINE=InnoDB DEFAULT CHARSET=utf8 COMMENT='分区表';

/*Data for the table `t_zone` */

/*!40101 SET SQL_MODE=@OLD_SQL_MODE */;
/*!40014 SET FOREIGN_KEY_CHECKS=@OLD_FOREIGN_KEY_CHECKS */;
/*!40014 SET UNIQUE_CHECKS=@OLD_UNIQUE_CHECKS */;
/*!40111 SET SQL_NOTES=@OLD_SQL_NOTES */;
